{"timestamp":"2026-05-27 18:32:24","level":"INFO","logger":"com.eazybytes.jobportal.JobportalApplication","message":"Starting JobportalApplication using Java 25.0.3 with PID 76259 (/Users/sumanyadav/Desktop/Learn/learn-SpringBoot/app/jobportal/target/classes started by sumanyadav in /Users/sumanyadav/Desktop/Learn/learn-SpringBoot/app)"}{"timestamp":"2026-05-27 18:32:24","level":"INFO","logger":"com.eazybytes.jobportal.JobportalApplication","message":"No active profile set, falling back to 1 default profile: "default""}{"timestamp":"2026-05-27 18:32:24","level":"INFO","logger":"org.springframework.boot.devtools.env.DevToolsPropertyDefaultsPostProcessor","message":"Devtools property defaults active! Set 'spring.devtools.add-properties' to 'false' to disable"}{"timestamp":"2026-05-27 18:32:24","level":"INFO","logger":"org.springframework.boot.devtools.env.DevToolsPropertyDefaultsPostProcessor","message":"For additional web related logging consider setting the 'logging.level.web' property to 'DEBUG'"}{"timestamp":"2026-05-27 18:32:24","level":"INFO","logger":"org.hibernate.validator.internal.util.Version","message":"HV000001: Hibernate Validator 9.0.1.Final"}{"timestamp":"2026-05-27 18:32:25","level":"INFO","logger":"org.springframework.data.repository.config.RepositoryConfigurationDelegate","message":"Bootstrapping Spring Data JPA repositories in DEFAULT mode."}{"timestamp":"2026-05-27 18:32:25","level":"INFO","logger":"org.springframework.data.repository.config.RepositoryConfigurationDelegate","message":"Finished Spring Data repository scanning in 25 ms. Found 4 JPA repository interfaces."}{"timestamp":"2026-05-27 18:32:25","level":"INFO","logger":"org.springframework.boot.tomcat.TomcatWebServer","message":"Tomcat initialized with port 8080 (http)"}{"timestamp":"2026-05-27 18:32:25","level":"INFO","logger":"org.apache.coyote.http11.Http11NioProtocol","message":"Initializing ProtocolHandler ["http-nio-8080"]"}{"timestamp":"2026-05-27 18:32:25","level":"INFO","logger":"org.apache.catalina.core.StandardService","message":"Starting service [Tomcat]"}{"timestamp":"2026-05-27 18:32:25","level":"INFO","logger":"org.apache.catalina.core.StandardEngine","message":"Starting Servlet engine: [Apache Tomcat/11.0.14]"}{"timestamp":"2026-05-27 18:32:25","level":"INFO","logger":"org.springframework.boot.web.context.servlet.WebApplicationContextInitializer","message":"Root WebApplicationContext: initialization completed in 923 ms"}{"timestamp":"2026-05-27 18:32:25","level":"INFO","logger":"com.zaxxer.hikari.HikariDataSource","message":"HikariPool-1 - Starting..."}{"timestamp":"2026-05-27 18:32:25","level":"INFO","logger":"com.zaxxer.hikari.pool.HikariPool","message":"HikariPool-1 - Added connection com.mysql.cj.jdbc.ConnectionImpl@25f9019b"}{"timestamp":"2026-05-27 18:32:25","level":"INFO","logger":"com.zaxxer.hikari.HikariDataSource","message":"HikariPool-1 - Start completed."}{"timestamp":"2026-05-27 18:32:25","level":"INFO","logger":"org.hibernate.jpa.internal.util.LogHelper","message":"HHH000204: Processing PersistenceUnitInfo [name: default]"}{"timestamp":"2026-05-27 18:32:25","level":"INFO","logger":"org.hibernate.Version","message":"HHH000412: Hibernate ORM core version 7.1.8.Final"}{"timestamp":"2026-05-27 18:32:26","level":"INFO","logger":"org.springframework.orm.jpa.persistenceunit.SpringPersistenceUnitInfo","message":"No LoadTimeWeaver setup: ignoring JPA class transformer"}{"timestamp":"2026-05-27 18:32:26","level":"INFO","logger":"org.hibernate.orm.connections.pooling","message":"HHH10001005: Database info:
	Database JDBC URL [jdbc:mysql://localhost:3306/jobportal]
	Database driver: MySQL Connector/J
	Database dialect: MySQLDialect
	Database version: 9.7
	Default catalog/schema: jobportal/undefined
	Autocommit mode: undefined/unknown
	Isolation level: REPEATABLE_READ [default REPEATABLE_READ]
	JDBC fetch size: none
	Pool: DatasourceConnectionProviderImpl
	Minimum pool size: undefined/unknown
	Maximum pool size: undefined/unknown"}{"timestamp":"2026-05-27 18:32:26","level":"INFO","logger":"org.hibernate.engine.transaction.jta.platform.internal.JtaPlatformInitiator","message":"HHH000489: No JTA platform available (set 'hibernate.transaction.jta.platform' to enable JTA platform integration)"}{"timestamp":"2026-05-27 18:32:26","level":"INFO","logger":"org.springframework.orm.jpa.LocalContainerEntityManagerFactoryBean","message":"Initialized JPA EntityManagerFactory for persistence unit 'default'"}{"timestamp":"2026-05-27 18:32:26","level":"INFO","logger":"com.eazybytes.jobportal.aspects.LoggingAndPerformanceAspect","message":"Entering method: PathsConfig.publicPaths()"}{"timestamp":"2026-05-27 18:32:26","level":"INFO","logger":"com.eazybytes.jobportal.aspects.LoggingAndPerformanceAspect","message":"Arguments: []"}{"timestamp":"2026-05-27 18:32:26","level":"INFO","logger":"com.eazybytes.jobportal.aspects.LoggingAndPerformanceAspect","message":"Method executed successfully: PathsConfig.publicPaths()"}{"timestamp":"2026-05-27 18:32:26","level":"INFO","logger":"com.eazybytes.jobportal.aspects.LoggingAndPerformanceAspect","message":"Execution time: 1 ms"}{"timestamp":"2026-05-27 18:32:26","level":"INFO","logger":"com.eazybytes.jobportal.aspects.LoggingAndPerformanceAspect","message":"Entering method: PathsConfig.securedPaths()"}{"timestamp":"2026-05-27 18:32:26","level":"INFO","logger":"com.eazybytes.jobportal.aspects.LoggingAndPerformanceAspect","message":"Arguments: []"}{"timestamp":"2026-05-27 18:32:26","level":"INFO","logger":"com.eazybytes.jobportal.aspects.LoggingAndPerformanceAspect","message":"Method executed successfully: PathsConfig.securedPaths()"}{"timestamp":"2026-05-27 18:32:26","level":"INFO","logger":"com.eazybytes.jobportal.aspects.LoggingAndPerformanceAspect","message":"Execution time: 0 ms"}{"timestamp":"2026-05-27 18:32:26","level":"INFO","logger":"com.eazybytes.jobportal.aspects.LoggingAndPerformanceAspect","message":"Entering method: JobPortalSecurityConfig.compromisedPasswordChecker()"}{"timestamp":"2026-05-27 18:32:26","level":"INFO","logger":"com.eazybytes.jobportal.aspects.LoggingAndPerformanceAspect","message":"Arguments: []"}{"timestamp":"2026-05-27 18:32:26","level":"INFO","logger":"com.eazybytes.jobportal.aspects.LoggingAndPerformanceAspect","message":"Method executed successfully: JobPortalSecurityConfig.compromisedPasswordChecker()"}{"timestamp":"2026-05-27 18:32:26","level":"INFO","logger":"com.eazybytes.jobportal.aspects.LoggingAndPerformanceAspect","message":"Execution time: 49 ms"}{"timestamp":"2026-05-27 18:32:26","level":"INFO","logger":"org.springframework.data.jpa.repository.query.QueryEnhancerFactories","message":"Hibernate is in classpath; If applicable, HQL parser will be used."}{"timestamp":"2026-05-27 18:32:26","level":"INFO","logger":"com.eazybytes.jobportal.aspects.LoggingAndPerformanceAspect","message":"Entering method: JobPortalSecurityConfig.passwordEncoder()"}{"timestamp":"2026-05-27 18:32:26","level":"INFO","logger":"com.eazybytes.jobportal.aspects.LoggingAndPerformanceAspect","message":"Arguments: []"}{"timestamp":"2026-05-27 18:32:26","level":"INFO","logger":"com.eazybytes.jobportal.aspects.LoggingAndPerformanceAspect","message":"Method executed successfully: JobPortalSecurityConfig.passwordEncoder()"}{"timestamp":"2026-05-27 18:32:26","level":"INFO","logger":"com.eazybytes.jobportal.aspects.LoggingAndPerformanceAspect","message":"Execution time: 1 ms"}{"timestamp":"2026-05-27 18:32:26","level":"INFO","logger":"com.eazybytes.jobportal.aspects.LoggingAndPerformanceAspect","message":"Entering method: JobPortalSecurityConfig.authenticationManager(..)"}{"timestamp":"2026-05-27 18:32:26","level":"INFO","logger":"com.eazybytes.jobportal.aspects.LoggingAndPerformanceAspect","message":"Arguments: [com.eazybytes.jobportal.security.JobPortalUsernamePwdAuthenticationProvider@15ca5041]"}{"timestamp":"2026-05-27 18:32:26","level":"INFO","logger":"com.eazybytes.jobportal.aspects.LoggingAndPerformanceAspect","message":"Method executed successfully: JobPortalSecurityConfig.authenticationManager(..)"}{"timestamp":"2026-05-27 18:32:26","level":"INFO","logger":"com.eazybytes.jobportal.aspects.LoggingAndPerformanceAspect","message":"Execution time: 2 ms"}{"timestamp":"2026-05-27 18:32:26","level":"WARN","logger":"org.springframework.boot.jpa.autoconfigure.JpaBaseConfiguration$JpaWebConfiguration","message":"spring.jpa.open-in-view is enabled by default. Therefore, database queries may be performed during view rendering. Explicitly configure spring.jpa.open-in-view to disable this warning"}{"timestamp":"2026-05-27 18:32:27","level":"INFO","logger":"org.springframework.security.config.annotation.authentication.configuration.InitializeAuthenticationProviderBeanManagerConfigurer$InitializeAuthenticationProviderManagerConfigurer","message":"Global AuthenticationManager configured with AuthenticationProvider bean with name jobPortalUsernamePwdAuthenticationProvider"}{"timestamp":"2026-05-27 18:32:27","level":"INFO","logger":"com.eazybytes.jobportal.aspects.LoggingAndPerformanceAspect","message":"Entering method: WebConfig.configurePathMatch(..)"}{"timestamp":"2026-05-27 18:32:27","level":"INFO","logger":"com.eazybytes.jobportal.aspects.LoggingAndPerformanceAspect","message":"Arguments: [org.springframework.web.servlet.config.annotation.PathMatchConfigurer@497c1748]"}{"timestamp":"2026-05-27 18:32:27","level":"INFO","logger":"com.eazybytes.jobportal.aspects.LoggingAndPerformanceAspect","message":"Method executed successfully: WebConfig.configurePathMatch(..)"}{"timestamp":"2026-05-27 18:32:27","level":"INFO","logger":"com.eazybytes.jobportal.aspects.LoggingAndPerformanceAspect","message":"Execution time: 1 ms"}{"timestamp":"2026-05-27 18:32:27","level":"INFO","logger":"com.eazybytes.jobportal.aspects.LoggingAndPerformanceAspect","message":"Entering method: JobPortalSecurityConfig.customSecurityFilterChain(..)"}{"timestamp":"2026-05-27 18:32:27","level":"INFO","logger":"com.eazybytes.jobportal.aspects.LoggingAndPerformanceAspect","message":"Arguments: [org.springframework.security.config.annotation.web.builders.HttpSecurity@33c1e9f6]"}{"timestamp":"2026-05-27 18:32:27","level":"INFO","logger":"com.eazybytes.jobportal.aspects.LoggingAndPerformanceAspect","message":"Entering method: JobPortalSecurityConfig.corsConfigurationSource()"}{"timestamp":"2026-05-27 18:32:27","level":"INFO","logger":"com.eazybytes.jobportal.aspects.LoggingAndPerformanceAspect","message":"Arguments: []"}{"timestamp":"2026-05-27 18:32:27","level":"INFO","logger":"com.eazybytes.jobportal.aspects.LoggingAndPerformanceAspect","message":"Method executed successfully: JobPortalSecurityConfig.corsConfigurationSource()"}{"timestamp":"2026-05-27 18:32:27","level":"INFO","logger":"com.eazybytes.jobportal.aspects.LoggingAndPerformanceAspect","message":"Execution time: 1 ms"}{"timestamp":"2026-05-27 18:32:27","level":"INFO","logger":"com.eazybytes.jobportal.aspects.LoggingAndPerformanceAspect","message":"Method executed successfully: JobPortalSecurityConfig.customSecurityFilterChain(..)"}{"timestamp":"2026-05-27 18:32:27","level":"INFO","logger":"com.eazybytes.jobportal.aspects.LoggingAndPerformanceAspect","message":"Execution time: 27 ms"}{"timestamp":"2026-05-27 18:32:27","level":"INFO","logger":"com.eazybytes.jobportal.aspects.LoggingAndPerformanceAspect","message":"Entering method: WebConfig.configureApiVersioning(..)"}{"timestamp":"2026-05-27 18:32:27","level":"INFO","logger":"com.eazybytes.jobportal.aspects.LoggingAndPerformanceAspect","message":"Arguments: [org.springframework.web.servlet.config.annotation.ApiVersionConfigurer@235463c8]"}{"timestamp":"2026-05-27 18:32:27","level":"INFO","logger":"com.eazybytes.jobportal.aspects.LoggingAndPerformanceAspect","message":"Method executed successfully: WebConfig.configureApiVersioning(..)"}{"timestamp":"2026-05-27 18:32:27","level":"INFO","logger":"com.eazybytes.jobportal.aspects.LoggingAndPerformanceAspect","message":"Execution time: 1 ms"}{"timestamp":"2026-05-27 18:32:27","level":"INFO","logger":"org.apache.coyote.http11.Http11NioProtocol","message":"Starting ProtocolHandler ["http-nio-8080"]"}{"timestamp":"2026-05-27 18:32:27","level":"WARN","logger":"org.springframework.boot.web.server.servlet.context.AnnotationConfigServletWebServerApplicationContext","message":"Exception encountered during context initialization - cancelling refresh attempt: org.springframework.context.ApplicationContextException: Failed to start bean 'webServerStartStop'"}{"timestamp":"2026-05-27 18:32:27","level":"INFO","logger":"org.springframework.orm.jpa.LocalContainerEntityManagerFactoryBean","message":"Closing JPA EntityManagerFactory for persistence unit 'default'"}{"timestamp":"2026-05-27 18:32:27","level":"INFO","logger":"com.zaxxer.hikari.HikariDataSource","message":"HikariPool-1 - Shutdown initiated..."}{"timestamp":"2026-05-27 18:32:27","level":"INFO","logger":"com.zaxxer.hikari.HikariDataSource","message":"HikariPool-1 - Shutdown completed."}{"timestamp":"2026-05-27 18:32:27","level":"INFO","logger":"org.springframework.boot.autoconfigure.logging.ConditionEvaluationReportLogger","message":"

Error starting ApplicationContext. To display the condition evaluation report re-run your application with 'debug' enabled."}{"timestamp":"2026-05-27 18:32:27","level":"ERROR","logger":"org.springframework.boot.diagnostics.LoggingFailureAnalysisReporter","message":"

***************************
APPLICATION FAILED TO START
***************************

Description:

Web server failed to start. Port 8080 was already in use.

Action:

Identify and stop the process that's listening on port 8080 or configure this application to listen on another port.
"}{"timestamp":"2026-05-27 18:34:30","level":"INFO","logger":"com.eazybytes.jobportal.JobportalApplication","message":"Starting JobportalApplication using Java 25.0.3 with PID 77052 (/Users/sumanyadav/Desktop/Learn/learn-SpringBoot/app/jobportal/target/classes started by sumanyadav in /Users/sumanyadav/Desktop/Learn/learn-SpringBoot/app)"}{"timestamp":"2026-05-27 18:34:30","level":"INFO","logger":"com.eazybytes.jobportal.JobportalApplication","message":"No active profile set, falling back to 1 default profile: "default""}{"timestamp":"2026-05-27 18:34:30","level":"INFO","logger":"org.springframework.boot.devtools.env.DevToolsPropertyDefaultsPostProcessor","message":"Devtools property defaults active! Set 'spring.devtools.add-properties' to 'false' to disable"}{"timestamp":"2026-05-27 18:34:30","level":"INFO","logger":"org.springframework.boot.devtools.env.DevToolsPropertyDefaultsPostProcessor","message":"For additional web related logging consider setting the 'logging.level.web' property to 'DEBUG'"}{"timestamp":"2026-05-27 18:34:30","level":"INFO","logger":"org.hibernate.validator.internal.util.Version","message":"HV000001: Hibernate Validator 9.0.1.Final"}{"timestamp":"2026-05-27 18:34:31","level":"INFO","logger":"org.springframework.data.repository.config.RepositoryConfigurationDelegate","message":"Bootstrapping Spring Data JPA repositories in DEFAULT mode."}{"timestamp":"2026-05-27 18:34:31","level":"INFO","logger":"org.springframework.data.repository.config.RepositoryConfigurationDelegate","message":"Finished Spring Data repository scanning in 27 ms. Found 4 JPA repository interfaces."}{"timestamp":"2026-05-27 18:34:31","level":"INFO","logger":"org.springframework.boot.tomcat.TomcatWebServer","message":"Tomcat initialized with port 8080 (http)"}{"timestamp":"2026-05-27 18:34:31","level":"INFO","logger":"org.apache.coyote.http11.Http11NioProtocol","message":"Initializing ProtocolHandler ["http-nio-8080"]"}{"timestamp":"2026-05-27 18:34:31","level":"INFO","logger":"org.apache.catalina.core.StandardService","message":"Starting service [Tomcat]"}{"timestamp":"2026-05-27 18:34:31","level":"INFO","logger":"org.apache.catalina.core.StandardEngine","message":"Starting Servlet engine: [Apache Tomcat/11.0.14]"}{"timestamp":"2026-05-27 18:34:31","level":"INFO","logger":"org.springframework.boot.web.context.servlet.WebApplicationContextInitializer","message":"Root WebApplicationContext: initialization completed in 902 ms"}{"timestamp":"2026-05-27 18:34:31","level":"INFO","logger":"com.zaxxer.hikari.HikariDataSource","message":"HikariPool-1 - Starting..."}{"timestamp":"2026-05-27 18:34:32","level":"INFO","logger":"org.hibernate.jpa.internal.util.LogHelper","message":"HHH000204: Processing PersistenceUnitInfo [name: default]"}{"timestamp":"2026-05-27 18:34:32","level":"INFO","logger":"org.hibernate.Version","message":"HHH000412: Hibernate ORM core version 7.1.8.Final"}{"timestamp":"2026-05-27 18:34:33","level":"INFO","logger":"org.springframework.orm.jpa.persistenceunit.SpringPersistenceUnitInfo","message":"No LoadTimeWeaver setup: ignoring JPA class transformer"}{"timestamp":"2026-05-27 18:34:33","level":"INFO","logger":"com.zaxxer.hikari.HikariDataSource","message":"HikariPool-1 - Starting..."}{"timestamp":"2026-05-27 18:34:34","level":"WARN","logger":"org.hibernate.orm.jdbc.error","message":"HHH000247: ErrorCode: 0, SQLState: 08S01"}{"timestamp":"2026-05-27 18:34:34","level":"WARN","logger":"org.hibernate.orm.jdbc.error","message":"Communications link failure

The last packet sent successfully to the server was 0 milliseconds ago. The driver has not received any packets from the server."}{"timestamp":"2026-05-27 18:34:34","level":"WARN","logger":"org.hibernate.engine.jdbc.env.internal.JdbcEnvironmentInitiator","message":"HHH000342: Could not obtain connection to query JDBC database metadata"}org.hibernate.exception.JDBCConnectionException: Unable to obtain isolated JDBC connection [Communications link failure

The last packet sent successfully to the server was 0 milliseconds ago. The driver has not received any packets from the server.] [n/a]
	at org.hibernate.exception.internal.SQLStateConversionDelegate.convert(SQLStateConversionDelegate.java:80)
	at org.hibernate.exception.internal.StandardSQLExceptionConverter.convert(StandardSQLExceptionConverter.java:34)
	at org.hibernate.engine.jdbc.spi.SqlExceptionHelper.convert(SqlExceptionHelper.java:115)
	at org.hibernate.engine.jdbc.spi.SqlExceptionHelper.convert(SqlExceptionHelper.java:101)
	at org.hibernate.resource.transaction.backend.jdbc.internal.JdbcIsolationDelegate.delegateWork(JdbcIsolationDelegate.java:51)
	at org.hibernate.engine.jdbc.env.internal.JdbcEnvironmentInitiator.getJdbcEnvironmentUsingJdbcMetadata(JdbcEnvironmentInitiator.java:355)
	at org.hibernate.engine.jdbc.env.internal.JdbcEnvironmentInitiator.getJdbcEnvironment(JdbcEnvironmentInitiator.java:149)
	at org.hibernate.engine.jdbc.env.internal.JdbcEnvironmentInitiator.initiateService(JdbcEnvironmentInitiator.java:127)
	at org.hibernate.engine.jdbc.env.internal.JdbcEnvironmentInitiator.initiateService(JdbcEnvironmentInitiator.java:82)
	at org.hibernate.boot.registry.internal.StandardServiceRegistryImpl.initiateService(StandardServiceRegistryImpl.java:133)
	at org.hibernate.service.internal.AbstractServiceRegistryImpl.createService(AbstractServiceRegistryImpl.java:262)
	at org.hibernate.service.internal.AbstractServiceRegistryImpl.initializeService(AbstractServiceRegistryImpl.java:237)
	at org.hibernate.service.internal.AbstractServiceRegistryImpl.getService(AbstractServiceRegistryImpl.java:214)
	at org.hibernate.boot.model.relational.Database.<init>(Database.java:44)
	at org.hibernate.boot.internal.InFlightMetadataCollectorImpl.getDatabase(InFlightMetadataCollectorImpl.java:255)
	at org.hibernate.boot.internal.InFlightMetadataCollectorImpl.<init>(InFlightMetadataCollectorImpl.java:207)
	at org.hibernate.boot.model.process.spi.MetadataBuildingProcess.complete(MetadataBuildingProcess.java:185)
	at org.hibernate.jpa.boot.internal.EntityManagerFactoryBuilderImpl.metadata(EntityManagerFactoryBuilderImpl.java:1395)
	at org.hibernate.jpa.boot.internal.EntityManagerFactoryBuilderImpl.populateSessionFactoryBuilder(EntityManagerFactoryBuilderImpl.java:1475)
	at org.hibernate.jpa.boot.internal.EntityManagerFactoryBuilderImpl.build(EntityManagerFactoryBuilderImpl.java:1457)
	at org.springframework.orm.jpa.vendor.SpringHibernateJpaPersistenceProvider.createContainerEntityManagerFactory(SpringHibernateJpaPersistenceProvider.java:66)
	at org.springframework.orm.jpa.LocalContainerEntityManagerFactoryBean.createNativeEntityManagerFactory(LocalContainerEntityManagerFactoryBean.java:433)
	at org.springframework.orm.jpa.AbstractEntityManagerFactoryBean.buildNativeEntityManagerFactory(AbstractEntityManagerFactoryBean.java:416)
	at org.springframework.orm.jpa.AbstractEntityManagerFactoryBean.afterPropertiesSet(AbstractEntityManagerFactoryBean.java:396)
	at org.springframework.orm.jpa.LocalContainerEntityManagerFactoryBean.afterPropertiesSet(LocalContainerEntityManagerFactoryBean.java:409)
	at org.springframework.beans.factory.support.AbstractAutowireCapableBeanFactory.invokeInitMethods(AbstractAutowireCapableBeanFactory.java:1864)
	at org.springframework.beans.factory.support.AbstractAutowireCapableBeanFactory.initializeBean(AbstractAutowireCapableBeanFactory.java:1813)
	at org.springframework.beans.factory.support.AbstractAutowireCapableBeanFactory.doCreateBean(AbstractAutowireCapableBeanFactory.java:603)
	at org.springframework.beans.factory.support.AbstractAutowireCapableBeanFactory.createBean(AbstractAutowireCapableBeanFactory.java:525)
	at org.springframework.beans.factory.support.AbstractBeanFactory.lambda$doGetBean$0(AbstractBeanFactory.java:333)
	at org.springframework.beans.factory.support.DefaultSingletonBeanRegistry.getSingleton(DefaultSingletonBeanRegistry.java:371)
	at org.springframework.beans.factory.support.AbstractBeanFactory.doGetBean(AbstractBeanFactory.java:331)
	at org.springframework.beans.factory.support.AbstractBeanFactory.getBean(AbstractBeanFactory.java:201)
	at org.springframework.context.support.AbstractApplicationContext.finishBeanFactoryInitialization(AbstractApplicationContext.java:966)
	at org.springframework.context.support.AbstractApplicationContext.refresh(AbstractApplicationContext.java:620)
	at org.springframework.boot.web.server.servlet.context.ServletWebServerApplicationContext.refresh(ServletWebServerApplicationContext.java:143)
	at org.springframework.boot.SpringApplication.refresh(SpringApplication.java:765)
	at org.springframework.boot.SpringApplication.refreshContext(SpringApplication.java:454)
	at org.springframework.boot.SpringApplication.run(SpringApplication.java:321)
	at org.springframework.boot.SpringApplication.run(SpringApplication.java:1374)
	at org.springframework.boot.SpringApplication.run(SpringApplication.java:1363)
	at com.eazybytes.jobportal.JobportalApplication.main(JobportalApplication.java:12)
	at java.base/jdk.internal.reflect.DirectMethodHandleAccessor.invoke(DirectMethodHandleAccessor.java:104)
	at java.base/java.lang.reflect.Method.invoke(Method.java:565)
	at org.springframework.boot.devtools.restart.RestartLauncher.run(RestartLauncher.java:52)
Caused by: com.mysql.cj.jdbc.exceptions.CommunicationsException: Communications link failure

The last packet sent successfully to the server was 0 milliseconds ago. The driver has not received any packets from the server.
	at com.mysql.cj.jdbc.exceptions.SQLError.createCommunicationsException(SQLError.java:165)
	at com.mysql.cj.jdbc.exceptions.SQLExceptionsMapping.translateException(SQLExceptionsMapping.java:55)
	at com.mysql.cj.jdbc.ConnectionImpl.createNewIO(ConnectionImpl.java:840)
	at com.mysql.cj.jdbc.ConnectionImpl.<init>(ConnectionImpl.java:416)
	at com.mysql.cj.jdbc.ConnectionImpl.getInstance(ConnectionImpl.java:237)
	at com.mysql.cj.jdbc.NonRegisteringDriver.connect(NonRegisteringDriver.java:180)
	at com.zaxxer.hikari.util.DriverDataSource.getConnection(DriverDataSource.java:144)
	at com.zaxxer.hikari.pool.PoolBase.newConnection(PoolBase.java:373)
	at com.zaxxer.hikari.pool.PoolBase.newPoolEntry(PoolBase.java:210)
	at com.zaxxer.hikari.pool.HikariPool.createPoolEntry(HikariPool.java:488)
	at com.zaxxer.hikari.pool.HikariPool.checkFailFast(HikariPool.java:576)
	at com.zaxxer.hikari.pool.HikariPool.<init>(HikariPool.java:97)
	at com.zaxxer.hikari.HikariDataSource.getConnection(HikariDataSource.java:111)
	at org.hibernate.engine.jdbc.connections.internal.DatasourceConnectionProviderImpl.getConnection(DatasourceConnectionProviderImpl.java:138)
	at org.hibernate.engine.jdbc.env.internal.JdbcEnvironmentInitiator$ConnectionProviderJdbcConnectionAccess.obtainConnection(JdbcEnvironmentInitiator.java:499)
	at org.hibernate.resource.transaction.backend.jdbc.internal.JdbcIsolationDelegate.delegateWork(JdbcIsolationDelegate.java:48)
	... 40 common frames omitted
Caused by: com.mysql.cj.exceptions.CJCommunicationsException: Communications link failure

The last packet sent successfully to the server was 0 milliseconds ago. The driver has not received any packets from the server.
	at java.base/jdk.internal.reflect.DirectConstructorHandleAccessor.newInstance(DirectConstructorHandleAccessor.java:62)
	at java.base/java.lang.reflect.Constructor.newInstanceWithCaller(Constructor.java:499)
	at java.base/java.lang.reflect.Constructor.newInstance(Constructor.java:483)
	at com.mysql.cj.exceptions.ExceptionFactory.createException(ExceptionFactory.java:52)
	at com.mysql.cj.exceptions.ExceptionFactory.createException(ExceptionFactory.java:95)
	at com.mysql.cj.exceptions.ExceptionFactory.createException(ExceptionFactory.java:140)
	at com.mysql.cj.exceptions.ExceptionFactory.createCommunicationsException(ExceptionFactory.java:156)
	at com.mysql.cj.protocol.a.NativeSocketConnection.connect(NativeSocketConnection.java:79)
	at com.mysql.cj.NativeSession.connect(NativeSession.java:142)
	at com.mysql.cj.jdbc.ConnectionImpl.connectOneTryOnly(ConnectionImpl.java:964)
	at com.mysql.cj.jdbc.ConnectionImpl.createNewIO(ConnectionImpl.java:828)
	... 53 common frames omitted
Caused by: java.net.ConnectException: Connection refused
	at java.base/sun.nio.ch.Net.pollConnect(Native Method)
	at java.base/sun.nio.ch.Net.pollConnectNow(Net.java:639)
	at java.base/sun.nio.ch.NioSocketImpl.timedFinishConnect(NioSocketImpl.java:550)
	at java.base/sun.nio.ch.NioSocketImpl.connect(NioSocketImpl.java:594)
	at java.base/java.net.SocksSocketImpl.connect(SocksSocketImpl.java:284)
	at java.base/java.net.Socket.connect(Socket.java:659)
	at com.mysql.cj.protocol.StandardSocketFactory.connect(StandardSocketFactory.java:144)
	at com.mysql.cj.protocol.a.NativeSocketConnection.connect(NativeSocketConnection.java:53)
	... 56 common frames omitted
{"timestamp":"2026-05-27 18:34:34","level":"ERROR","logger":"org.springframework.orm.jpa.LocalContainerEntityManagerFactoryBean","message":"Failed to initialize JPA EntityManagerFactory: Unable to create requested service [org.hibernate.engine.jdbc.env.spi.JdbcEnvironment] due to: Unable to determine Dialect without JDBC metadata (please set 'jakarta.persistence.jdbc.url' for common cases or 'hibernate.dialect' when a custom Dialect implementation must be provided)"}{"timestamp":"2026-05-27 18:34:34","level":"WARN","logger":"org.springframework.boot.web.server.servlet.context.AnnotationConfigServletWebServerApplicationContext","message":"Exception encountered during context initialization - cancelling refresh attempt: org.springframework.beans.factory.BeanCreationException: Error creating bean with name 'entityManagerFactory' defined in class path resource [org/springframework/boot/hibernate/autoconfigure/HibernateJpaConfiguration.class]: Unable to create requested service [org.hibernate.engine.jdbc.env.spi.JdbcEnvironment] due to: Unable to determine Dialect without JDBC metadata (please set 'jakarta.persistence.jdbc.url' for common cases or 'hibernate.dialect' when a custom Dialect implementation must be provided)"}{"timestamp":"2026-05-27 18:34:34","level":"INFO","logger":"org.apache.catalina.core.StandardService","message":"Stopping service [Tomcat]"}{"timestamp":"2026-05-27 18:34:34","level":"INFO","logger":"org.springframework.boot.autoconfigure.logging.ConditionEvaluationReportLogger","message":"

Error starting ApplicationContext. To display the condition evaluation report re-run your application with 'debug' enabled."}{"timestamp":"2026-05-27 18:34:34","level":"ERROR","logger":"org.springframework.boot.SpringApplication","message":"Application run failed"}org.springframework.beans.factory.BeanCreationException: Error creating bean with name 'entityManagerFactory' defined in class path resource [org/springframework/boot/hibernate/autoconfigure/HibernateJpaConfiguration.class]: Unable to create requested service [org.hibernate.engine.jdbc.env.spi.JdbcEnvironment] due to: Unable to determine Dialect without JDBC metadata (please set 'jakarta.persistence.jdbc.url' for common cases or 'hibernate.dialect' when a custom Dialect implementation must be provided)
	at org.springframework.beans.factory.support.AbstractAutowireCapableBeanFactory.initializeBean(AbstractAutowireCapableBeanFactory.java:1817)
	at org.springframework.beans.factory.support.AbstractAutowireCapableBeanFactory.doCreateBean(AbstractAutowireCapableBeanFactory.java:603)
	at org.springframework.beans.factory.support.AbstractAutowireCapableBeanFactory.createBean(AbstractAutowireCapableBeanFactory.java:525)
	at org.springframework.beans.factory.support.AbstractBeanFactory.lambda$doGetBean$0(AbstractBeanFactory.java:333)
	at org.springframework.beans.factory.support.DefaultSingletonBeanRegistry.getSingleton(DefaultSingletonBeanRegistry.java:371)
	at org.springframework.beans.factory.support.AbstractBeanFactory.doGetBean(AbstractBeanFactory.java:331)
	at org.springframework.beans.factory.support.AbstractBeanFactory.getBean(AbstractBeanFactory.java:201)
	at org.springframework.context.support.AbstractApplicationContext.finishBeanFactoryInitialization(AbstractApplicationContext.java:966)
	at org.springframework.context.support.AbstractApplicationContext.refresh(AbstractApplicationContext.java:620)
	at org.springframework.boot.web.server.servlet.context.ServletWebServerApplicationContext.refresh(ServletWebServerApplicationContext.java:143)
	at org.springframework.boot.SpringApplication.refresh(SpringApplication.java:765)
	at org.springframework.boot.SpringApplication.refreshContext(SpringApplication.java:454)
	at org.springframework.boot.SpringApplication.run(SpringApplication.java:321)
	at org.springframework.boot.SpringApplication.run(SpringApplication.java:1374)
	at org.springframework.boot.SpringApplication.run(SpringApplication.java:1363)
	at com.eazybytes.jobportal.JobportalApplication.main(JobportalApplication.java:12)
	at java.base/jdk.internal.reflect.DirectMethodHandleAccessor.invoke(DirectMethodHandleAccessor.java:104)
	at java.base/java.lang.reflect.Method.invoke(Method.java:565)
	at org.springframework.boot.devtools.restart.RestartLauncher.run(RestartLauncher.java:52)
Caused by: org.hibernate.service.spi.ServiceException: Unable to create requested service [org.hibernate.engine.jdbc.env.spi.JdbcEnvironment] due to: Unable to determine Dialect without JDBC metadata (please set 'jakarta.persistence.jdbc.url' for common cases or 'hibernate.dialect' when a custom Dialect implementation must be provided)
	at org.hibernate.service.internal.AbstractServiceRegistryImpl.createService(AbstractServiceRegistryImpl.java:275)
	at org.hibernate.service.internal.AbstractServiceRegistryImpl.initializeService(AbstractServiceRegistryImpl.java:237)
	at org.hibernate.service.internal.AbstractServiceRegistryImpl.getService(AbstractServiceRegistryImpl.java:214)
	at org.hibernate.boot.model.relational.Database.<init>(Database.java:44)
	at org.hibernate.boot.internal.InFlightMetadataCollectorImpl.getDatabase(InFlightMetadataCollectorImpl.java:255)
	at org.hibernate.boot.internal.InFlightMetadataCollectorImpl.<init>(InFlightMetadataCollectorImpl.java:207)
	at org.hibernate.boot.model.process.spi.MetadataBuildingProcess.complete(MetadataBuildingProcess.java:185)
	at org.hibernate.jpa.boot.internal.EntityManagerFactoryBuilderImpl.metadata(EntityManagerFactoryBuilderImpl.java:1395)
	at org.hibernate.jpa.boot.internal.EntityManagerFactoryBuilderImpl.populateSessionFactoryBuilder(EntityManagerFactoryBuilderImpl.java:1475)
	at org.hibernate.jpa.boot.internal.EntityManagerFactoryBuilderImpl.build(EntityManagerFactoryBuilderImpl.java:1457)
	at org.springframework.orm.jpa.vendor.SpringHibernateJpaPersistenceProvider.createContainerEntityManagerFactory(SpringHibernateJpaPersistenceProvider.java:66)
	at org.springframework.orm.jpa.LocalContainerEntityManagerFactoryBean.createNativeEntityManagerFactory(LocalContainerEntityManagerFactoryBean.java:433)
	at org.springframework.orm.jpa.AbstractEntityManagerFactoryBean.buildNativeEntityManagerFactory(AbstractEntityManagerFactoryBean.java:416)
	at org.springframework.orm.jpa.AbstractEntityManagerFactoryBean.afterPropertiesSet(AbstractEntityManagerFactoryBean.java:396)
	at org.springframework.orm.jpa.LocalContainerEntityManagerFactoryBean.afterPropertiesSet(LocalContainerEntityManagerFactoryBean.java:409)
	at org.springframework.beans.factory.support.AbstractAutowireCapableBeanFactory.invokeInitMethods(AbstractAutowireCapableBeanFactory.java:1864)
	at org.springframework.beans.factory.support.AbstractAutowireCapableBeanFactory.initializeBean(AbstractAutowireCapableBeanFactory.java:1813)
	... 18 common frames omitted
Caused by: org.hibernate.HibernateException: Unable to determine Dialect without JDBC metadata (please set 'jakarta.persistence.jdbc.url' for common cases or 'hibernate.dialect' when a custom Dialect implementation must be provided)
	at org.hibernate.engine.jdbc.dialect.internal.DialectFactoryImpl.determineDialect(DialectFactoryImpl.java:190)
	at org.hibernate.engine.jdbc.dialect.internal.DialectFactoryImpl.buildDialect(DialectFactoryImpl.java:86)
	at org.hibernate.engine.jdbc.env.internal.JdbcEnvironmentInitiator.getJdbcEnvironmentWithDefaults(JdbcEnvironmentInitiator.java:207)
	at org.hibernate.engine.jdbc.env.internal.JdbcEnvironmentInitiator.getJdbcEnvironmentUsingJdbcMetadata(JdbcEnvironmentInitiator.java:432)
	at org.hibernate.engine.jdbc.env.internal.JdbcEnvironmentInitiator.getJdbcEnvironment(JdbcEnvironmentInitiator.java:149)
	at org.hibernate.engine.jdbc.env.internal.JdbcEnvironmentInitiator.initiateService(JdbcEnvironmentInitiator.java:127)
	at org.hibernate.engine.jdbc.env.internal.JdbcEnvironmentInitiator.initiateService(JdbcEnvironmentInitiator.java:82)
	at org.hibernate.boot.registry.internal.StandardServiceRegistryImpl.initiateService(StandardServiceRegistryImpl.java:133)
	at org.hibernate.service.internal.AbstractServiceRegistryImpl.createService(AbstractServiceRegistryImpl.java:262)
	... 34 common frames omitted
{"timestamp":"2026-05-27 18:37:11","level":"INFO","logger":"com.eazybytes.jobportal.JobportalApplication","message":"Starting JobportalApplication using Java 25.0.3 with PID 78101 (/Users/sumanyadav/Desktop/Learn/learn-SpringBoot/app/jobportal/target/classes started by sumanyadav in /Users/sumanyadav/Desktop/Learn/learn-SpringBoot/app)"}{"timestamp":"2026-05-27 18:37:11","level":"INFO","logger":"com.eazybytes.jobportal.JobportalApplication","message":"No active profile set, falling back to 1 default profile: "default""}{"timestamp":"2026-05-27 18:37:11","level":"INFO","logger":"org.springframework.boot.devtools.env.DevToolsPropertyDefaultsPostProcessor","message":"Devtools property defaults active! Set 'spring.devtools.add-properties' to 'false' to disable"}{"timestamp":"2026-05-27 18:37:11","level":"INFO","logger":"org.springframework.boot.devtools.env.DevToolsPropertyDefaultsPostProcessor","message":"For additional web related logging consider setting the 'logging.level.web' property to 'DEBUG'"}{"timestamp":"2026-05-27 18:37:11","level":"INFO","logger":"org.hibernate.validator.internal.util.Version","message":"HV000001: Hibernate Validator 9.0.1.Final"}{"timestamp":"2026-05-27 18:37:12","level":"INFO","logger":"org.springframework.data.repository.config.RepositoryConfigurationDelegate","message":"Bootstrapping Spring Data JPA repositories in DEFAULT mode."}{"timestamp":"2026-05-27 18:37:12","level":"INFO","logger":"org.springframework.data.repository.config.RepositoryConfigurationDelegate","message":"Finished Spring Data repository scanning in 27 ms. Found 4 JPA repository interfaces."}{"timestamp":"2026-05-27 18:37:12","level":"INFO","logger":"org.springframework.boot.tomcat.TomcatWebServer","message":"Tomcat initialized with port 8080 (http)"}{"timestamp":"2026-05-27 18:37:12","level":"INFO","logger":"org.apache.coyote.http11.Http11NioProtocol","message":"Initializing ProtocolHandler ["http-nio-8080"]"}{"timestamp":"2026-05-27 18:37:12","level":"INFO","logger":"org.apache.catalina.core.StandardService","message":"Starting service [Tomcat]"}{"timestamp":"2026-05-27 18:37:12","level":"INFO","logger":"org.apache.catalina.core.StandardEngine","message":"Starting Servlet engine: [Apache Tomcat/11.0.14]"}{"timestamp":"2026-05-27 18:37:12","level":"INFO","logger":"org.springframework.boot.web.context.servlet.WebApplicationContextInitializer","message":"Root WebApplicationContext: initialization completed in 943 ms"}{"timestamp":"2026-05-27 18:37:12","level":"INFO","logger":"com.zaxxer.hikari.HikariDataSource","message":"HikariPool-1 - Starting..."}{"timestamp":"2026-05-27 18:37:13","level":"INFO","logger":"org.hibernate.jpa.internal.util.LogHelper","message":"HHH000204: Processing PersistenceUnitInfo [name: default]"}{"timestamp":"2026-05-27 18:37:13","level":"INFO","logger":"org.hibernate.Version","message":"HHH000412: Hibernate ORM core version 7.1.8.Final"}{"timestamp":"2026-05-27 18:37:13","level":"INFO","logger":"org.springframework.orm.jpa.persistenceunit.SpringPersistenceUnitInfo","message":"No LoadTimeWeaver setup: ignoring JPA class transformer"}{"timestamp":"2026-05-27 18:37:13","level":"INFO","logger":"com.zaxxer.hikari.HikariDataSource","message":"HikariPool-1 - Starting..."}{"timestamp":"2026-05-27 18:37:14","level":"WARN","logger":"org.hibernate.orm.jdbc.error","message":"HHH000247: ErrorCode: 0, SQLState: 08S01"}{"timestamp":"2026-05-27 18:37:14","level":"WARN","logger":"org.hibernate.orm.jdbc.error","message":"Communications link failure

The last packet sent successfully to the server was 0 milliseconds ago. The driver has not received any packets from the server."}{"timestamp":"2026-05-27 18:37:14","level":"WARN","logger":"org.hibernate.engine.jdbc.env.internal.JdbcEnvironmentInitiator","message":"HHH000342: Could not obtain connection to query JDBC database metadata"}org.hibernate.exception.JDBCConnectionException: Unable to obtain isolated JDBC connection [Communications link failure

The last packet sent successfully to the server was 0 milliseconds ago. The driver has not received any packets from the server.] [n/a]
	at org.hibernate.exception.internal.SQLStateConversionDelegate.convert(SQLStateConversionDelegate.java:80)
	at org.hibernate.exception.internal.StandardSQLExceptionConverter.convert(StandardSQLExceptionConverter.java:34)
	at org.hibernate.engine.jdbc.spi.SqlExceptionHelper.convert(SqlExceptionHelper.java:115)
	at org.hibernate.engine.jdbc.spi.SqlExceptionHelper.convert(SqlExceptionHelper.java:101)
	at org.hibernate.resource.transaction.backend.jdbc.internal.JdbcIsolationDelegate.delegateWork(JdbcIsolationDelegate.java:51)
	at org.hibernate.engine.jdbc.env.internal.JdbcEnvironmentInitiator.getJdbcEnvironmentUsingJdbcMetadata(JdbcEnvironmentInitiator.java:355)
	at org.hibernate.engine.jdbc.env.internal.JdbcEnvironmentInitiator.getJdbcEnvironment(JdbcEnvironmentInitiator.java:149)
	at org.hibernate.engine.jdbc.env.internal.JdbcEnvironmentInitiator.initiateService(JdbcEnvironmentInitiator.java:127)
	at org.hibernate.engine.jdbc.env.internal.JdbcEnvironmentInitiator.initiateService(JdbcEnvironmentInitiator.java:82)
	at org.hibernate.boot.registry.internal.StandardServiceRegistryImpl.initiateService(StandardServiceRegistryImpl.java:133)
	at org.hibernate.service.internal.AbstractServiceRegistryImpl.createService(AbstractServiceRegistryImpl.java:262)
	at org.hibernate.service.internal.AbstractServiceRegistryImpl.initializeService(AbstractServiceRegistryImpl.java:237)
	at org.hibernate.service.internal.AbstractServiceRegistryImpl.getService(AbstractServiceRegistryImpl.java:214)
	at org.hibernate.boot.model.relational.Database.<init>(Database.java:44)
	at org.hibernate.boot.internal.InFlightMetadataCollectorImpl.getDatabase(InFlightMetadataCollectorImpl.java:255)
	at org.hibernate.boot.internal.InFlightMetadataCollectorImpl.<init>(InFlightMetadataCollectorImpl.java:207)
	at org.hibernate.boot.model.process.spi.MetadataBuildingProcess.complete(MetadataBuildingProcess.java:185)
	at org.hibernate.jpa.boot.internal.EntityManagerFactoryBuilderImpl.metadata(EntityManagerFactoryBuilderImpl.java:1395)
	at org.hibernate.jpa.boot.internal.EntityManagerFactoryBuilderImpl.populateSessionFactoryBuilder(EntityManagerFactoryBuilderImpl.java:1475)
	at org.hibernate.jpa.boot.internal.EntityManagerFactoryBuilderImpl.build(EntityManagerFactoryBuilderImpl.java:1457)
	at org.springframework.orm.jpa.vendor.SpringHibernateJpaPersistenceProvider.createContainerEntityManagerFactory(SpringHibernateJpaPersistenceProvider.java:66)
	at org.springframework.orm.jpa.LocalContainerEntityManagerFactoryBean.createNativeEntityManagerFactory(LocalContainerEntityManagerFactoryBean.java:433)
	at org.springframework.orm.jpa.AbstractEntityManagerFactoryBean.buildNativeEntityManagerFactory(AbstractEntityManagerFactoryBean.java:416)
	at org.springframework.orm.jpa.AbstractEntityManagerFactoryBean.afterPropertiesSet(AbstractEntityManagerFactoryBean.java:396)
	at org.springframework.orm.jpa.LocalContainerEntityManagerFactoryBean.afterPropertiesSet(LocalContainerEntityManagerFactoryBean.java:409)
	at org.springframework.beans.factory.support.AbstractAutowireCapableBeanFactory.invokeInitMethods(AbstractAutowireCapableBeanFactory.java:1864)
	at org.springframework.beans.factory.support.AbstractAutowireCapableBeanFactory.initializeBean(AbstractAutowireCapableBeanFactory.java:1813)
	at org.springframework.beans.factory.support.AbstractAutowireCapableBeanFactory.doCreateBean(AbstractAutowireCapableBeanFactory.java:603)
	at org.springframework.beans.factory.support.AbstractAutowireCapableBeanFactory.createBean(AbstractAutowireCapableBeanFactory.java:525)
	at org.springframework.beans.factory.support.AbstractBeanFactory.lambda$doGetBean$0(AbstractBeanFactory.java:333)
	at org.springframework.beans.factory.support.DefaultSingletonBeanRegistry.getSingleton(DefaultSingletonBeanRegistry.java:371)
	at org.springframework.beans.factory.support.AbstractBeanFactory.doGetBean(AbstractBeanFactory.java:331)
	at org.springframework.beans.factory.support.AbstractBeanFactory.getBean(AbstractBeanFactory.java:201)
	at org.springframework.context.support.AbstractApplicationContext.finishBeanFactoryInitialization(AbstractApplicationContext.java:966)
	at org.springframework.context.support.AbstractApplicationContext.refresh(AbstractApplicationContext.java:620)
	at org.springframework.boot.web.server.servlet.context.ServletWebServerApplicationContext.refresh(ServletWebServerApplicationContext.java:143)
	at org.springframework.boot.SpringApplication.refresh(SpringApplication.java:765)
	at org.springframework.boot.SpringApplication.refreshContext(SpringApplication.java:454)
	at org.springframework.boot.SpringApplication.run(SpringApplication.java:321)
	at org.springframework.boot.SpringApplication.run(SpringApplication.java:1374)
	at org.springframework.boot.SpringApplication.run(SpringApplication.java:1363)
	at com.eazybytes.jobportal.JobportalApplication.main(JobportalApplication.java:12)
	at java.base/jdk.internal.reflect.DirectMethodHandleAccessor.invoke(DirectMethodHandleAccessor.java:104)
	at java.base/java.lang.reflect.Method.invoke(Method.java:565)
	at org.springframework.boot.devtools.restart.RestartLauncher.run(RestartLauncher.java:52)
Caused by: com.mysql.cj.jdbc.exceptions.CommunicationsException: Communications link failure

The last packet sent successfully to the server was 0 milliseconds ago. The driver has not received any packets from the server.
	at com.mysql.cj.jdbc.exceptions.SQLError.createCommunicationsException(SQLError.java:165)
	at com.mysql.cj.jdbc.exceptions.SQLExceptionsMapping.translateException(SQLExceptionsMapping.java:55)
	at com.mysql.cj.jdbc.ConnectionImpl.createNewIO(ConnectionImpl.java:840)
	at com.mysql.cj.jdbc.ConnectionImpl.<init>(ConnectionImpl.java:416)
	at com.mysql.cj.jdbc.ConnectionImpl.getInstance(ConnectionImpl.java:237)
	at com.mysql.cj.jdbc.NonRegisteringDriver.connect(NonRegisteringDriver.java:180)
	at com.zaxxer.hikari.util.DriverDataSource.getConnection(DriverDataSource.java:144)
	at com.zaxxer.hikari.pool.PoolBase.newConnection(PoolBase.java:373)
	at com.zaxxer.hikari.pool.PoolBase.newPoolEntry(PoolBase.java:210)
	at com.zaxxer.hikari.pool.HikariPool.createPoolEntry(HikariPool.java:488)
	at com.zaxxer.hikari.pool.HikariPool.checkFailFast(HikariPool.java:576)
	at com.zaxxer.hikari.pool.HikariPool.<init>(HikariPool.java:97)
	at com.zaxxer.hikari.HikariDataSource.getConnection(HikariDataSource.java:111)
	at org.hibernate.engine.jdbc.connections.internal.DatasourceConnectionProviderImpl.getConnection(DatasourceConnectionProviderImpl.java:138)
	at org.hibernate.engine.jdbc.env.internal.JdbcEnvironmentInitiator$ConnectionProviderJdbcConnectionAccess.obtainConnection(JdbcEnvironmentInitiator.java:499)
	at org.hibernate.resource.transaction.backend.jdbc.internal.JdbcIsolationDelegate.delegateWork(JdbcIsolationDelegate.java:48)
	... 40 common frames omitted
Caused by: com.mysql.cj.exceptions.CJCommunicationsException: Communications link failure

The last packet sent successfully to the server was 0 milliseconds ago. The driver has not received any packets from the server.
	at java.base/jdk.internal.reflect.DirectConstructorHandleAccessor.newInstance(DirectConstructorHandleAccessor.java:62)
	at java.base/java.lang.reflect.Constructor.newInstanceWithCaller(Constructor.java:499)
	at java.base/java.lang.reflect.Constructor.newInstance(Constructor.java:483)
	at com.mysql.cj.exceptions.ExceptionFactory.createException(ExceptionFactory.java:52)
	at com.mysql.cj.exceptions.ExceptionFactory.createException(ExceptionFactory.java:95)
	at com.mysql.cj.exceptions.ExceptionFactory.createException(ExceptionFactory.java:140)
	at com.mysql.cj.exceptions.ExceptionFactory.createCommunicationsException(ExceptionFactory.java:156)
	at com.mysql.cj.protocol.a.NativeSocketConnection.connect(NativeSocketConnection.java:79)
	at com.mysql.cj.NativeSession.connect(NativeSession.java:142)
	at com.mysql.cj.jdbc.ConnectionImpl.connectOneTryOnly(ConnectionImpl.java:964)
	at com.mysql.cj.jdbc.ConnectionImpl.createNewIO(ConnectionImpl.java:828)
	... 53 common frames omitted
Caused by: java.net.ConnectException: Connection refused
	at java.base/sun.nio.ch.Net.pollConnect(Native Method)
	at java.base/sun.nio.ch.Net.pollConnectNow(Net.java:639)
	at java.base/sun.nio.ch.NioSocketImpl.timedFinishConnect(NioSocketImpl.java:543)
	at java.base/sun.nio.ch.NioSocketImpl.connect(NioSocketImpl.java:594)
	at java.base/java.net.SocksSocketImpl.connect(SocksSocketImpl.java:284)
	at java.base/java.net.Socket.connect(Socket.java:659)
	at com.mysql.cj.protocol.StandardSocketFactory.connect(StandardSocketFactory.java:144)
	at com.mysql.cj.protocol.a.NativeSocketConnection.connect(NativeSocketConnection.java:53)
	... 56 common frames omitted
{"timestamp":"2026-05-27 18:37:14","level":"WARN","logger":"org.hibernate.orm.deprecation","message":"HHH90000025: MySQLDialect does not need to be specified explicitly using 'hibernate.dialect' (remove the property setting and it will be selected by default)"}{"timestamp":"2026-05-27 18:37:14","level":"INFO","logger":"org.hibernate.orm.connections.pooling","message":"HHH10001005: Database info:
	Database JDBC URL [undefined/unknown]
	Database driver: undefined/unknown
	Database dialect: MySQLDialect
	Database version: 8.0
	Default catalog/schema: unknown/unknown
	Autocommit mode: undefined/unknown
	Isolation level: NONE [default NONE]
	JDBC fetch size: undefined/unknown
	Pool: DatasourceConnectionProviderImpl
	Minimum pool size: undefined/unknown
	Maximum pool size: undefined/unknown"}{"timestamp":"2026-05-27 18:37:15","level":"INFO","logger":"org.hibernate.engine.transaction.jta.platform.internal.JtaPlatformInitiator","message":"HHH000489: No JTA platform available (set 'hibernate.transaction.jta.platform' to enable JTA platform integration)"}{"timestamp":"2026-05-27 18:37:15","level":"INFO","logger":"org.springframework.orm.jpa.LocalContainerEntityManagerFactoryBean","message":"Initialized JPA EntityManagerFactory for persistence unit 'default'"}{"timestamp":"2026-05-27 18:37:15","level":"INFO","logger":"com.eazybytes.jobportal.aspects.LoggingAndPerformanceAspect","message":"Entering method: PathsConfig.publicPaths()"}{"timestamp":"2026-05-27 18:37:15","level":"INFO","logger":"com.eazybytes.jobportal.aspects.LoggingAndPerformanceAspect","message":"Arguments: []"}{"timestamp":"2026-05-27 18:37:15","level":"INFO","logger":"com.eazybytes.jobportal.aspects.LoggingAndPerformanceAspect","message":"Method executed successfully: PathsConfig.publicPaths()"}{"timestamp":"2026-05-27 18:37:15","level":"INFO","logger":"com.eazybytes.jobportal.aspects.LoggingAndPerformanceAspect","message":"Execution time: 0 ms"}{"timestamp":"2026-05-27 18:37:15","level":"INFO","logger":"com.eazybytes.jobportal.aspects.LoggingAndPerformanceAspect","message":"Entering method: PathsConfig.securedPaths()"}{"timestamp":"2026-05-27 18:37:15","level":"INFO","logger":"com.eazybytes.jobportal.aspects.LoggingAndPerformanceAspect","message":"Arguments: []"}{"timestamp":"2026-05-27 18:37:15","level":"INFO","logger":"com.eazybytes.jobportal.aspects.LoggingAndPerformanceAspect","message":"Method executed successfully: PathsConfig.securedPaths()"}{"timestamp":"2026-05-27 18:37:15","level":"INFO","logger":"com.eazybytes.jobportal.aspects.LoggingAndPerformanceAspect","message":"Execution time: 1 ms"}{"timestamp":"2026-05-27 18:37:15","level":"INFO","logger":"com.eazybytes.jobportal.aspects.LoggingAndPerformanceAspect","message":"Entering method: JobPortalSecurityConfig.compromisedPasswordChecker()"}{"timestamp":"2026-05-27 18:37:15","level":"INFO","logger":"com.eazybytes.jobportal.aspects.LoggingAndPerformanceAspect","message":"Arguments: []"}{"timestamp":"2026-05-27 18:37:15","level":"INFO","logger":"com.eazybytes.jobportal.aspects.LoggingAndPerformanceAspect","message":"Method executed successfully: JobPortalSecurityConfig.compromisedPasswordChecker()"}{"timestamp":"2026-05-27 18:37:15","level":"INFO","logger":"com.eazybytes.jobportal.aspects.LoggingAndPerformanceAspect","message":"Execution time: 151 ms"}{"timestamp":"2026-05-27 18:37:15","level":"INFO","logger":"org.springframework.data.jpa.repository.query.QueryEnhancerFactories","message":"Hibernate is in classpath; If applicable, HQL parser will be used."}{"timestamp":"2026-05-27 18:37:15","level":"INFO","logger":"com.eazybytes.jobportal.aspects.LoggingAndPerformanceAspect","message":"Entering method: JobPortalSecurityConfig.passwordEncoder()"}{"timestamp":"2026-05-27 18:37:15","level":"INFO","logger":"com.eazybytes.jobportal.aspects.LoggingAndPerformanceAspect","message":"Arguments: []"}{"timestamp":"2026-05-27 18:37:15","level":"INFO","logger":"com.eazybytes.jobportal.aspects.LoggingAndPerformanceAspect","message":"Method executed successfully: JobPortalSecurityConfig.passwordEncoder()"}{"timestamp":"2026-05-27 18:37:15","level":"INFO","logger":"com.eazybytes.jobportal.aspects.LoggingAndPerformanceAspect","message":"Execution time: 1 ms"}{"timestamp":"2026-05-27 18:37:15","level":"INFO","logger":"com.eazybytes.jobportal.aspects.LoggingAndPerformanceAspect","message":"Entering method: JobPortalSecurityConfig.authenticationManager(..)"}{"timestamp":"2026-05-27 18:37:15","level":"INFO","logger":"com.eazybytes.jobportal.aspects.LoggingAndPerformanceAspect","message":"Arguments: [com.eazybytes.jobportal.security.JobPortalUsernamePwdAuthenticationProvider@146b494b]"}{"timestamp":"2026-05-27 18:37:15","level":"INFO","logger":"com.eazybytes.jobportal.aspects.LoggingAndPerformanceAspect","message":"Method executed successfully: JobPortalSecurityConfig.authenticationManager(..)"}{"timestamp":"2026-05-27 18:37:15","level":"INFO","logger":"com.eazybytes.jobportal.aspects.LoggingAndPerformanceAspect","message":"Execution time: 3 ms"}{"timestamp":"2026-05-27 18:37:15","level":"WARN","logger":"org.springframework.boot.jpa.autoconfigure.JpaBaseConfiguration$JpaWebConfiguration","message":"spring.jpa.open-in-view is enabled by default. Therefore, database queries may be performed during view rendering. Explicitly configure spring.jpa.open-in-view to disable this warning"}{"timestamp":"2026-05-27 18:37:15","level":"INFO","logger":"org.springframework.security.config.annotation.authentication.configuration.InitializeAuthenticationProviderBeanManagerConfigurer$InitializeAuthenticationProviderManagerConfigurer","message":"Global AuthenticationManager configured with AuthenticationProvider bean with name jobPortalUsernamePwdAuthenticationProvider"}{"timestamp":"2026-05-27 18:37:15","level":"INFO","logger":"com.eazybytes.jobportal.aspects.LoggingAndPerformanceAspect","message":"Entering method: WebConfig.configurePathMatch(..)"}{"timestamp":"2026-05-27 18:37:15","level":"INFO","logger":"com.eazybytes.jobportal.aspects.LoggingAndPerformanceAspect","message":"Arguments: [org.springframework.web.servlet.config.annotation.PathMatchConfigurer@1bd9f0f2]"}{"timestamp":"2026-05-27 18:37:15","level":"INFO","logger":"com.eazybytes.jobportal.aspects.LoggingAndPerformanceAspect","message":"Method executed successfully: WebConfig.configurePathMatch(..)"}{"timestamp":"2026-05-27 18:37:15","level":"INFO","logger":"com.eazybytes.jobportal.aspects.LoggingAndPerformanceAspect","message":"Execution time: 0 ms"}{"timestamp":"2026-05-27 18:37:15","level":"INFO","logger":"com.eazybytes.jobportal.aspects.LoggingAndPerformanceAspect","message":"Entering method: JobPortalSecurityConfig.customSecurityFilterChain(..)"}{"timestamp":"2026-05-27 18:37:15","level":"INFO","logger":"com.eazybytes.jobportal.aspects.LoggingAndPerformanceAspect","message":"Arguments: [org.springframework.security.config.annotation.web.builders.HttpSecurity@5558895b]"}{"timestamp":"2026-05-27 18:37:15","level":"INFO","logger":"com.eazybytes.jobportal.aspects.LoggingAndPerformanceAspect","message":"Entering method: JobPortalSecurityConfig.corsConfigurationSource()"}{"timestamp":"2026-05-27 18:37:15","level":"INFO","logger":"com.eazybytes.jobportal.aspects.LoggingAndPerformanceAspect","message":"Arguments: []"}{"timestamp":"2026-05-27 18:37:15","level":"INFO","logger":"com.eazybytes.jobportal.aspects.LoggingAndPerformanceAspect","message":"Method executed successfully: JobPortalSecurityConfig.corsConfigurationSource()"}{"timestamp":"2026-05-27 18:37:15","level":"INFO","logger":"com.eazybytes.jobportal.aspects.LoggingAndPerformanceAspect","message":"Execution time: 1 ms"}{"timestamp":"2026-05-27 18:37:15","level":"INFO","logger":"com.eazybytes.jobportal.aspects.LoggingAndPerformanceAspect","message":"Method executed successfully: JobPortalSecurityConfig.customSecurityFilterChain(..)"}{"timestamp":"2026-05-27 18:37:15","level":"INFO","logger":"com.eazybytes.jobportal.aspects.LoggingAndPerformanceAspect","message":"Execution time: 24 ms"}{"timestamp":"2026-05-27 18:37:16","level":"INFO","logger":"com.eazybytes.jobportal.aspects.LoggingAndPerformanceAspect","message":"Entering method: WebConfig.configureApiVersioning(..)"}{"timestamp":"2026-05-27 18:37:16","level":"INFO","logger":"com.eazybytes.jobportal.aspects.LoggingAndPerformanceAspect","message":"Arguments: [org.springframework.web.servlet.config.annotation.ApiVersionConfigurer@b5018c1]"}{"timestamp":"2026-05-27 18:37:16","level":"INFO","logger":"com.eazybytes.jobportal.aspects.LoggingAndPerformanceAspect","message":"Method executed successfully: WebConfig.configureApiVersioning(..)"}{"timestamp":"2026-05-27 18:37:16","level":"INFO","logger":"com.eazybytes.jobportal.aspects.LoggingAndPerformanceAspect","message":"Execution time: 1 ms"}{"timestamp":"2026-05-27 18:37:16","level":"INFO","logger":"org.apache.coyote.http11.Http11NioProtocol","message":"Starting ProtocolHandler ["http-nio-8080"]"}{"timestamp":"2026-05-27 18:37:16","level":"INFO","logger":"org.springframework.boot.tomcat.TomcatWebServer","message":"Tomcat started on port 8080 (http) with context path '/'"}{"timestamp":"2026-05-27 18:37:16","level":"INFO","logger":"com.eazybytes.jobportal.JobportalApplication","message":"Started JobportalApplication in 4.866 seconds (process running for 5.275)"}{"timestamp":"2026-05-27 18:37:16","level":"INFO","logger":"com.zaxxer.hikari.HikariDataSource","message":"HikariPool-1 - Starting..."}{"timestamp":"2026-05-27 18:37:17","level":"WARN","logger":"org.hibernate.orm.jdbc.error","message":"HHH000247: ErrorCode: 0, SQLState: 08S01"}{"timestamp":"2026-05-27 18:37:17","level":"WARN","logger":"org.hibernate.orm.jdbc.error","message":"Communications link failure

The last packet sent successfully to the server was 0 milliseconds ago. The driver has not received any packets from the server."}{"timestamp":"2026-05-27 18:37:17","level":"INFO","logger":"org.springframework.boot.autoconfigure.logging.ConditionEvaluationReportLogger","message":"

Error starting ApplicationContext. To display the condition evaluation report re-run your application with 'debug' enabled."}{"timestamp":"2026-05-27 18:37:17","level":"ERROR","logger":"org.springframework.boot.SpringApplication","message":"Application run failed"}org.springframework.transaction.CannotCreateTransactionException: Could not open JPA EntityManager for transaction
	at org.springframework.orm.jpa.JpaTransactionManager.doBegin(JpaTransactionManager.java:457)
	at org.springframework.transaction.support.AbstractPlatformTransactionManager.startTransaction(AbstractPlatformTransactionManager.java:532)
	at org.springframework.transaction.support.AbstractPlatformTransactionManager.getTransaction(AbstractPlatformTransactionManager.java:405)
	at org.springframework.transaction.interceptor.TransactionAspectSupport.createTransactionIfNecessary(TransactionAspectSupport.java:625)
	at org.springframework.transaction.interceptor.TransactionAspectSupport.invokeWithinTransaction(TransactionAspectSupport.java:364)
	at org.springframework.transaction.interceptor.TransactionInterceptor.invoke(TransactionInterceptor.java:118)
	at org.springframework.aop.framework.ReflectiveMethodInvocation.proceed(ReflectiveMethodInvocation.java:179)
	at org.springframework.aop.interceptor.ExposeInvocationInterceptor.invoke(ExposeInvocationInterceptor.java:96)
	at org.springframework.aop.framework.ReflectiveMethodInvocation.proceed(ReflectiveMethodInvocation.java:179)
	at org.springframework.aop.framework.CglibAopProxy$DynamicAdvisedInterceptor.intercept(CglibAopProxy.java:719)
	at com.eazybytes.jobportal.config.RoleDataInitializer$$SpringCGLIB$$0.run(<generated>)
	at org.springframework.boot.SpringApplication.lambda$callRunner$1(SpringApplication.java:801)
	at org.springframework.util.function.ThrowingConsumer$1.acceptWithException(ThrowingConsumer.java:82)
	at org.springframework.util.function.ThrowingConsumer.accept(ThrowingConsumer.java:60)
	at org.springframework.util.function.ThrowingConsumer$1.accept(ThrowingConsumer.java:86)
	at org.springframework.boot.SpringApplication.callRunner(SpringApplication.java:809)
	at org.springframework.boot.SpringApplication.callRunner(SpringApplication.java:800)
	at org.springframework.boot.SpringApplication.lambda$callRunners$0(SpringApplication.java:785)
	at java.base/java.util.stream.ForEachOps$ForEachOp$OfRef.accept(ForEachOps.java:186)
	at java.base/java.util.stream.SortedOps$SizedRefSortingSink.end(SortedOps.java:357)
	at java.base/java.util.stream.AbstractPipeline.copyInto(AbstractPipeline.java:571)
	at java.base/java.util.stream.AbstractPipeline.wrapAndCopyInto(AbstractPipeline.java:560)
	at java.base/java.util.stream.ForEachOps$ForEachOp.evaluateSequential(ForEachOps.java:153)
	at java.base/java.util.stream.ForEachOps$ForEachOp$OfRef.evaluateSequential(ForEachOps.java:176)
	at java.base/java.util.stream.AbstractPipeline.evaluate(AbstractPipeline.java:265)
	at java.base/java.util.stream.ReferencePipeline.forEach(ReferencePipeline.java:632)
	at org.springframework.boot.SpringApplication.callRunners(SpringApplication.java:785)
	at org.springframework.boot.SpringApplication.run(SpringApplication.java:328)
	at org.springframework.boot.SpringApplication.run(SpringApplication.java:1374)
	at org.springframework.boot.SpringApplication.run(SpringApplication.java:1363)
	at com.eazybytes.jobportal.JobportalApplication.main(JobportalApplication.java:12)
	at java.base/jdk.internal.reflect.DirectMethodHandleAccessor.invoke(DirectMethodHandleAccessor.java:104)
	at java.base/java.lang.reflect.Method.invoke(Method.java:565)
	at org.springframework.boot.devtools.restart.RestartLauncher.run(RestartLauncher.java:52)
Caused by: org.hibernate.exception.JDBCConnectionException: Unable to acquire JDBC Connection [Communications link failure

The last packet sent successfully to the server was 0 milliseconds ago. The driver has not received any packets from the server.] [n/a]
	at org.hibernate.exception.internal.SQLStateConversionDelegate.convert(SQLStateConversionDelegate.java:80)
	at org.hibernate.exception.internal.StandardSQLExceptionConverter.convert(StandardSQLExceptionConverter.java:34)
	at org.hibernate.engine.jdbc.spi.SqlExceptionHelper.convert(SqlExceptionHelper.java:115)
	at org.hibernate.engine.jdbc.spi.SqlExceptionHelper.convert(SqlExceptionHelper.java:101)
	at org.hibernate.resource.jdbc.internal.LogicalConnectionManagedImpl.acquire(LogicalConnectionManagedImpl.java:190)
	at org.hibernate.resource.jdbc.internal.LogicalConnectionManagedImpl.acquireConnectionIfNeeded(LogicalConnectionManagedImpl.java:87)
	at org.hibernate.resource.jdbc.internal.LogicalConnectionManagedImpl.getPhysicalConnection(LogicalConnectionManagedImpl.java:126)
	at org.hibernate.resource.jdbc.internal.LogicalConnectionManagedImpl.getConnectionForTransactionManagement(LogicalConnectionManagedImpl.java:277)
	at org.hibernate.resource.jdbc.internal.LogicalConnectionManagedImpl.begin(LogicalConnectionManagedImpl.java:286)
	at org.hibernate.resource.transaction.backend.jdbc.internal.JdbcResourceLocalTransactionCoordinatorImpl$TransactionDriverControlImpl.begin(JdbcResourceLocalTransactionCoordinatorImpl.java:227)
	at org.hibernate.engine.transaction.internal.TransactionImpl.begin(TransactionImpl.java:76)
	at org.springframework.orm.jpa.vendor.HibernateJpaDialect.beginTransaction(HibernateJpaDialect.java:138)
	at org.springframework.orm.jpa.JpaTransactionManager.doBegin(JpaTransactionManager.java:411)
	... 33 common frames omitted
Caused by: com.mysql.cj.jdbc.exceptions.CommunicationsException: Communications link failure

The last packet sent successfully to the server was 0 milliseconds ago. The driver has not received any packets from the server.
	at com.mysql.cj.jdbc.exceptions.SQLError.createCommunicationsException(SQLError.java:165)
	at com.mysql.cj.jdbc.exceptions.SQLExceptionsMapping.translateException(SQLExceptionsMapping.java:55)
	at com.mysql.cj.jdbc.ConnectionImpl.createNewIO(ConnectionImpl.java:840)
	at com.mysql.cj.jdbc.ConnectionImpl.<init>(ConnectionImpl.java:416)
	at com.mysql.cj.jdbc.ConnectionImpl.getInstance(ConnectionImpl.java:237)
	at com.mysql.cj.jdbc.NonRegisteringDriver.connect(NonRegisteringDriver.java:180)
	at com.zaxxer.hikari.util.DriverDataSource.getConnection(DriverDataSource.java:144)
	at com.zaxxer.hikari.pool.PoolBase.newConnection(PoolBase.java:373)
	at com.zaxxer.hikari.pool.PoolBase.newPoolEntry(PoolBase.java:210)
	at com.zaxxer.hikari.pool.HikariPool.createPoolEntry(HikariPool.java:488)
	at com.zaxxer.hikari.pool.HikariPool.checkFailFast(HikariPool.java:576)
	at com.zaxxer.hikari.pool.HikariPool.<init>(HikariPool.java:97)
	at com.zaxxer.hikari.HikariDataSource.getConnection(HikariDataSource.java:111)
	at org.hibernate.engine.jdbc.connections.internal.DatasourceConnectionProviderImpl.getConnection(DatasourceConnectionProviderImpl.java:138)
	at org.hibernate.internal.NonContextualJdbcConnectionAccess.obtainConnection(NonContextualJdbcConnectionAccess.java:44)
	at org.hibernate.resource.jdbc.internal.LogicalConnectionManagedImpl.acquire(LogicalConnectionManagedImpl.java:187)
	... 41 common frames omitted
Caused by: com.mysql.cj.exceptions.CJCommunicationsException: Communications link failure

The last packet sent successfully to the server was 0 milliseconds ago. The driver has not received any packets from the server.
	at java.base/jdk.internal.reflect.DirectConstructorHandleAccessor.newInstance(DirectConstructorHandleAccessor.java:62)
	at java.base/java.lang.reflect.Constructor.newInstanceWithCaller(Constructor.java:499)
	at java.base/java.lang.reflect.Constructor.newInstance(Constructor.java:483)
	at com.mysql.cj.exceptions.ExceptionFactory.createException(ExceptionFactory.java:52)
	at com.mysql.cj.exceptions.ExceptionFactory.createException(ExceptionFactory.java:95)
	at com.mysql.cj.exceptions.ExceptionFactory.createException(ExceptionFactory.java:140)
	at com.mysql.cj.exceptions.ExceptionFactory.createCommunicationsException(ExceptionFactory.java:156)
	at com.mysql.cj.protocol.a.NativeSocketConnection.connect(NativeSocketConnection.java:79)
	at com.mysql.cj.NativeSession.connect(NativeSession.java:142)
	at com.mysql.cj.jdbc.ConnectionImpl.connectOneTryOnly(ConnectionImpl.java:964)
	at com.mysql.cj.jdbc.ConnectionImpl.createNewIO(ConnectionImpl.java:828)
	... 54 common frames omitted
Caused by: java.net.ConnectException: Connection refused
	at java.base/sun.nio.ch.Net.pollConnect(Native Method)
	at java.base/sun.nio.ch.Net.pollConnectNow(Net.java:639)
	at java.base/sun.nio.ch.NioSocketImpl.timedFinishConnect(NioSocketImpl.java:550)
	at java.base/sun.nio.ch.NioSocketImpl.connect(NioSocketImpl.java:594)
	at java.base/java.net.SocksSocketImpl.connect(SocksSocketImpl.java:284)
	at java.base/java.net.Socket.connect(Socket.java:659)
	at com.mysql.cj.protocol.StandardSocketFactory.connect(StandardSocketFactory.java:144)
	at com.mysql.cj.protocol.a.NativeSocketConnection.connect(NativeSocketConnection.java:53)
	... 57 common frames omitted
{"timestamp":"2026-05-27 18:37:17","level":"INFO","logger":"org.springframework.boot.tomcat.GracefulShutdown","message":"Commencing graceful shutdown. Waiting for active requests to complete"}{"timestamp":"2026-05-27 18:37:17","level":"INFO","logger":"org.springframework.boot.tomcat.GracefulShutdown","message":"Graceful shutdown complete"}{"timestamp":"2026-05-27 18:37:17","level":"INFO","logger":"org.springframework.orm.jpa.LocalContainerEntityManagerFactoryBean","message":"Closing JPA EntityManagerFactory for persistence unit 'default'"}{"timestamp":"2026-05-27 18:37:38","level":"INFO","logger":"com.eazybytes.jobportal.JobportalApplication","message":"Starting JobportalApplication using Java 25.0.3 with PID 78551 (/Users/sumanyadav/Desktop/Learn/learn-SpringBoot/app/jobportal/target/classes started by sumanyadav in /Users/sumanyadav/Desktop/Learn/learn-SpringBoot/app)"}{"timestamp":"2026-05-27 18:37:38","level":"INFO","logger":"com.eazybytes.jobportal.JobportalApplication","message":"No active profile set, falling back to 1 default profile: "default""}{"timestamp":"2026-05-27 18:37:38","level":"INFO","logger":"org.springframework.boot.devtools.env.DevToolsPropertyDefaultsPostProcessor","message":"Devtools property defaults active! Set 'spring.devtools.add-properties' to 'false' to disable"}{"timestamp":"2026-05-27 18:37:38","level":"INFO","logger":"org.springframework.boot.devtools.env.DevToolsPropertyDefaultsPostProcessor","message":"For additional web related logging consider setting the 'logging.level.web' property to 'DEBUG'"}{"timestamp":"2026-05-27 18:37:38","level":"INFO","logger":"org.hibernate.validator.internal.util.Version","message":"HV000001: Hibernate Validator 9.0.1.Final"}{"timestamp":"2026-05-27 18:37:39","level":"INFO","logger":"org.springframework.data.repository.config.RepositoryConfigurationDelegate","message":"Bootstrapping Spring Data JPA repositories in DEFAULT mode."}{"timestamp":"2026-05-27 18:37:39","level":"INFO","logger":"org.springframework.data.repository.config.RepositoryConfigurationDelegate","message":"Finished Spring Data repository scanning in 33 ms. Found 4 JPA repository interfaces."}{"timestamp":"2026-05-27 18:37:39","level":"INFO","logger":"org.springframework.boot.tomcat.TomcatWebServer","message":"Tomcat initialized with port 8080 (http)"}{"timestamp":"2026-05-27 18:37:39","level":"INFO","logger":"org.apache.coyote.http11.Http11NioProtocol","message":"Initializing ProtocolHandler ["http-nio-8080"]"}{"timestamp":"2026-05-27 18:37:39","level":"INFO","logger":"org.apache.catalina.core.StandardService","message":"Starting service [Tomcat]"}{"timestamp":"2026-05-27 18:37:39","level":"INFO","logger":"org.apache.catalina.core.StandardEngine","message":"Starting Servlet engine: [Apache Tomcat/11.0.14]"}{"timestamp":"2026-05-27 18:37:39","level":"INFO","logger":"org.springframework.boot.web.context.servlet.WebApplicationContextInitializer","message":"Root WebApplicationContext: initialization completed in 990 ms"}{"timestamp":"2026-05-27 18:37:39","level":"INFO","logger":"com.zaxxer.hikari.HikariDataSource","message":"HikariPool-1 - Starting..."}{"timestamp":"2026-05-27 18:37:39","level":"INFO","logger":"com.zaxxer.hikari.pool.HikariPool","message":"HikariPool-1 - Added connection com.mysql.cj.jdbc.ConnectionImpl@39a3daae"}{"timestamp":"2026-05-27 18:37:39","level":"INFO","logger":"com.zaxxer.hikari.HikariDataSource","message":"HikariPool-1 - Start completed."}{"timestamp":"2026-05-27 18:37:39","level":"INFO","logger":"org.hibernate.jpa.internal.util.LogHelper","message":"HHH000204: Processing PersistenceUnitInfo [name: default]"}{"timestamp":"2026-05-27 18:37:39","level":"INFO","logger":"org.hibernate.Version","message":"HHH000412: Hibernate ORM core version 7.1.8.Final"}{"timestamp":"2026-05-27 18:37:40","level":"INFO","logger":"org.springframework.orm.jpa.persistenceunit.SpringPersistenceUnitInfo","message":"No LoadTimeWeaver setup: ignoring JPA class transformer"}{"timestamp":"2026-05-27 18:37:40","level":"WARN","logger":"org.hibernate.orm.deprecation","message":"HHH90000025: MySQLDialect does not need to be specified explicitly using 'hibernate.dialect' (remove the property setting and it will be selected by default)"}{"timestamp":"2026-05-27 18:37:40","level":"INFO","logger":"org.hibernate.orm.connections.pooling","message":"HHH10001005: Database info:
	Database JDBC URL [jdbc:mysql://localhost:3306/jobportal]
	Database driver: MySQL Connector/J
	Database dialect: MySQLDialect
	Database version: 9.7
	Default catalog/schema: jobportal/undefined
	Autocommit mode: undefined/unknown
	Isolation level: REPEATABLE_READ [default REPEATABLE_READ]
	JDBC fetch size: none
	Pool: DatasourceConnectionProviderImpl
	Minimum pool size: undefined/unknown
	Maximum pool size: undefined/unknown"}{"timestamp":"2026-05-27 18:37:40","level":"INFO","logger":"org.hibernate.engine.transaction.jta.platform.internal.JtaPlatformInitiator","message":"HHH000489: No JTA platform available (set 'hibernate.transaction.jta.platform' to enable JTA platform integration)"}{"timestamp":"2026-05-27 18:37:40","level":"INFO","logger":"org.springframework.orm.jpa.LocalContainerEntityManagerFactoryBean","message":"Initialized JPA EntityManagerFactory for persistence unit 'default'"}{"timestamp":"2026-05-27 18:37:40","level":"INFO","logger":"com.eazybytes.jobportal.aspects.LoggingAndPerformanceAspect","message":"Entering method: PathsConfig.publicPaths()"}{"timestamp":"2026-05-27 18:37:40","level":"INFO","logger":"com.eazybytes.jobportal.aspects.LoggingAndPerformanceAspect","message":"Arguments: []"}{"timestamp":"2026-05-27 18:37:40","level":"INFO","logger":"com.eazybytes.jobportal.aspects.LoggingAndPerformanceAspect","message":"Method executed successfully: PathsConfig.publicPaths()"}{"timestamp":"2026-05-27 18:37:40","level":"INFO","logger":"com.eazybytes.jobportal.aspects.LoggingAndPerformanceAspect","message":"Execution time: 0 ms"}{"timestamp":"2026-05-27 18:37:40","level":"INFO","logger":"com.eazybytes.jobportal.aspects.LoggingAndPerformanceAspect","message":"Entering method: PathsConfig.securedPaths()"}{"timestamp":"2026-05-27 18:37:40","level":"INFO","logger":"com.eazybytes.jobportal.aspects.LoggingAndPerformanceAspect","message":"Arguments: []"}{"timestamp":"2026-05-27 18:37:40","level":"INFO","logger":"com.eazybytes.jobportal.aspects.LoggingAndPerformanceAspect","message":"Method executed successfully: PathsConfig.securedPaths()"}{"timestamp":"2026-05-27 18:37:40","level":"INFO","logger":"com.eazybytes.jobportal.aspects.LoggingAndPerformanceAspect","message":"Execution time: 1 ms"}{"timestamp":"2026-05-27 18:37:40","level":"INFO","logger":"com.eazybytes.jobportal.aspects.LoggingAndPerformanceAspect","message":"Entering method: JobPortalSecurityConfig.compromisedPasswordChecker()"}{"timestamp":"2026-05-27 18:37:40","level":"INFO","logger":"com.eazybytes.jobportal.aspects.LoggingAndPerformanceAspect","message":"Arguments: []"}{"timestamp":"2026-05-27 18:37:40","level":"INFO","logger":"com.eazybytes.jobportal.aspects.LoggingAndPerformanceAspect","message":"Method executed successfully: JobPortalSecurityConfig.compromisedPasswordChecker()"}{"timestamp":"2026-05-27 18:37:40","level":"INFO","logger":"com.eazybytes.jobportal.aspects.LoggingAndPerformanceAspect","message":"Execution time: 52 ms"}{"timestamp":"2026-05-27 18:37:40","level":"INFO","logger":"org.springframework.data.jpa.repository.query.QueryEnhancerFactories","message":"Hibernate is in classpath; If applicable, HQL parser will be used."}{"timestamp":"2026-05-27 18:37:40","level":"INFO","logger":"com.eazybytes.jobportal.aspects.LoggingAndPerformanceAspect","message":"Entering method: JobPortalSecurityConfig.passwordEncoder()"}{"timestamp":"2026-05-27 18:37:40","level":"INFO","logger":"com.eazybytes.jobportal.aspects.LoggingAndPerformanceAspect","message":"Arguments: []"}{"timestamp":"2026-05-27 18:37:40","level":"INFO","logger":"com.eazybytes.jobportal.aspects.LoggingAndPerformanceAspect","message":"Method executed successfully: JobPortalSecurityConfig.passwordEncoder()"}{"timestamp":"2026-05-27 18:37:40","level":"INFO","logger":"com.eazybytes.jobportal.aspects.LoggingAndPerformanceAspect","message":"Execution time: 1 ms"}{"timestamp":"2026-05-27 18:37:40","level":"INFO","logger":"com.eazybytes.jobportal.aspects.LoggingAndPerformanceAspect","message":"Entering method: JobPortalSecurityConfig.authenticationManager(..)"}{"timestamp":"2026-05-27 18:37:40","level":"INFO","logger":"com.eazybytes.jobportal.aspects.LoggingAndPerformanceAspect","message":"Arguments: [com.eazybytes.jobportal.security.JobPortalUsernamePwdAuthenticationProvider@1e8d45cb]"}{"timestamp":"2026-05-27 18:37:40","level":"INFO","logger":"com.eazybytes.jobportal.aspects.LoggingAndPerformanceAspect","message":"Method executed successfully: JobPortalSecurityConfig.authenticationManager(..)"}{"timestamp":"2026-05-27 18:37:40","level":"INFO","logger":"com.eazybytes.jobportal.aspects.LoggingAndPerformanceAspect","message":"Execution time: 5 ms"}{"timestamp":"2026-05-27 18:37:40","level":"WARN","logger":"org.springframework.boot.jpa.autoconfigure.JpaBaseConfiguration$JpaWebConfiguration","message":"spring.jpa.open-in-view is enabled by default. Therefore, database queries may be performed during view rendering. Explicitly configure spring.jpa.open-in-view to disable this warning"}{"timestamp":"2026-05-27 18:37:40","level":"INFO","logger":"org.springframework.security.config.annotation.authentication.configuration.InitializeAuthenticationProviderBeanManagerConfigurer$InitializeAuthenticationProviderManagerConfigurer","message":"Global AuthenticationManager configured with AuthenticationProvider bean with name jobPortalUsernamePwdAuthenticationProvider"}{"timestamp":"2026-05-27 18:37:40","level":"INFO","logger":"com.eazybytes.jobportal.aspects.LoggingAndPerformanceAspect","message":"Entering method: WebConfig.configurePathMatch(..)"}{"timestamp":"2026-05-27 18:37:40","level":"INFO","logger":"com.eazybytes.jobportal.aspects.LoggingAndPerformanceAspect","message":"Arguments: [org.springframework.web.servlet.config.annotation.PathMatchConfigurer@37a8860e]"}{"timestamp":"2026-05-27 18:37:40","level":"INFO","logger":"com.eazybytes.jobportal.aspects.LoggingAndPerformanceAspect","message":"Method executed successfully: WebConfig.configurePathMatch(..)"}{"timestamp":"2026-05-27 18:37:40","level":"INFO","logger":"com.eazybytes.jobportal.aspects.LoggingAndPerformanceAspect","message":"Execution time: 0 ms"}{"timestamp":"2026-05-27 18:37:41","level":"INFO","logger":"com.eazybytes.jobportal.aspects.LoggingAndPerformanceAspect","message":"Entering method: JobPortalSecurityConfig.customSecurityFilterChain(..)"}{"timestamp":"2026-05-27 18:37:41","level":"INFO","logger":"com.eazybytes.jobportal.aspects.LoggingAndPerformanceAspect","message":"Arguments: [org.springframework.security.config.annotation.web.builders.HttpSecurity@b70e566]"}{"timestamp":"2026-05-27 18:37:41","level":"INFO","logger":"com.eazybytes.jobportal.aspects.LoggingAndPerformanceAspect","message":"Entering method: JobPortalSecurityConfig.corsConfigurationSource()"}{"timestamp":"2026-05-27 18:37:41","level":"INFO","logger":"com.eazybytes.jobportal.aspects.LoggingAndPerformanceAspect","message":"Arguments: []"}{"timestamp":"2026-05-27 18:37:41","level":"INFO","logger":"com.eazybytes.jobportal.aspects.LoggingAndPerformanceAspect","message":"Method executed successfully: JobPortalSecurityConfig.corsConfigurationSource()"}{"timestamp":"2026-05-27 18:37:41","level":"INFO","logger":"com.eazybytes.jobportal.aspects.LoggingAndPerformanceAspect","message":"Execution time: 2 ms"}{"timestamp":"2026-05-27 18:37:41","level":"INFO","logger":"com.eazybytes.jobportal.aspects.LoggingAndPerformanceAspect","message":"Method executed successfully: JobPortalSecurityConfig.customSecurityFilterChain(..)"}{"timestamp":"2026-05-27 18:37:41","level":"INFO","logger":"com.eazybytes.jobportal.aspects.LoggingAndPerformanceAspect","message":"Execution time: 28 ms"}{"timestamp":"2026-05-27 18:37:41","level":"INFO","logger":"com.eazybytes.jobportal.aspects.LoggingAndPerformanceAspect","message":"Entering method: WebConfig.configureApiVersioning(..)"}{"timestamp":"2026-05-27 18:37:41","level":"INFO","logger":"com.eazybytes.jobportal.aspects.LoggingAndPerformanceAspect","message":"Arguments: [org.springframework.web.servlet.config.annotation.ApiVersionConfigurer@210b2225]"}{"timestamp":"2026-05-27 18:37:41","level":"INFO","logger":"com.eazybytes.jobportal.aspects.LoggingAndPerformanceAspect","message":"Method executed successfully: WebConfig.configureApiVersioning(..)"}{"timestamp":"2026-05-27 18:37:41","level":"INFO","logger":"com.eazybytes.jobportal.aspects.LoggingAndPerformanceAspect","message":"Execution time: 1 ms"}{"timestamp":"2026-05-27 18:37:41","level":"INFO","logger":"org.apache.coyote.http11.Http11NioProtocol","message":"Starting ProtocolHandler ["http-nio-8080"]"}{"timestamp":"2026-05-27 18:37:41","level":"INFO","logger":"org.springframework.boot.tomcat.TomcatWebServer","message":"Tomcat started on port 8080 (http) with context path '/'"}{"timestamp":"2026-05-27 18:37:41","level":"INFO","logger":"com.eazybytes.jobportal.JobportalApplication","message":"Started JobportalApplication in 2.978 seconds (process running for 3.387)"}{"timestamp":"2026-05-27 18:37:41","level":"INFO","logger":"com.eazybytes.jobportal.aspects.LoggingAndPerformanceAspect","message":"Entering method: RoleDataInitializer.run(..)"}{"timestamp":"2026-05-27 18:37:41","level":"INFO","logger":"com.eazybytes.jobportal.aspects.LoggingAndPerformanceAspect","message":"Arguments: [[Ljava.lang.String;@410b1869]"}{"timestamp":"2026-05-27 18:37:41","level":"INFO","logger":"com.eazybytes.jobportal.aspects.LoggingAndPerformanceAspect","message":"Entering method: RoleRepository.findRoleByName(..)"}{"timestamp":"2026-05-27 18:37:41","level":"INFO","logger":"com.eazybytes.jobportal.aspects.LoggingAndPerformanceAspect","message":"Arguments: [ROLE_JOB_SEEKER]"}{"timestamp":"2026-05-27 18:37:41","level":"INFO","logger":"com.eazybytes.jobportal.aspects.LoggingAndPerformanceAspect","message":"Method executed successfully: RoleRepository.findRoleByName(..)"}{"timestamp":"2026-05-27 18:37:41","level":"INFO","logger":"com.eazybytes.jobportal.aspects.LoggingAndPerformanceAspect","message":"Execution time: 317 ms"}{"timestamp":"2026-05-27 18:37:41","level":"INFO","logger":"com.eazybytes.jobportal.aspects.LoggingAndPerformanceAspect","message":"Entering method: RoleRepository.findRoleByName(..)"}{"timestamp":"2026-05-27 18:37:41","level":"INFO","logger":"com.eazybytes.jobportal.aspects.LoggingAndPerformanceAspect","message":"Arguments: [ROLE_EMPLOYER]"}{"timestamp":"2026-05-27 18:37:41","level":"INFO","logger":"com.eazybytes.jobportal.aspects.LoggingAndPerformanceAspect","message":"Method executed successfully: RoleRepository.findRoleByName(..)"}{"timestamp":"2026-05-27 18:37:41","level":"INFO","logger":"com.eazybytes.jobportal.aspects.LoggingAndPerformanceAspect","message":"Execution time: 11 ms"}{"timestamp":"2026-05-27 18:37:41","level":"INFO","logger":"com.eazybytes.jobportal.aspects.LoggingAndPerformanceAspect","message":"Entering method: RoleRepository.findRoleByName(..)"}{"timestamp":"2026-05-27 18:37:41","level":"INFO","logger":"com.eazybytes.jobportal.aspects.LoggingAndPerformanceAspect","message":"Arguments: [ROLE_ADMIN]"}{"timestamp":"2026-05-27 18:37:41","level":"INFO","logger":"com.eazybytes.jobportal.aspects.LoggingAndPerformanceAspect","message":"Method executed successfully: RoleRepository.findRoleByName(..)"}{"timestamp":"2026-05-27 18:37:41","level":"INFO","logger":"com.eazybytes.jobportal.aspects.LoggingAndPerformanceAspect","message":"Execution time: 2 ms"}{"timestamp":"2026-05-27 18:37:41","level":"INFO","logger":"com.eazybytes.jobportal.aspects.LoggingAndPerformanceAspect","message":"Method executed successfully: RoleDataInitializer.run(..)"}{"timestamp":"2026-05-27 18:37:41","level":"INFO","logger":"com.eazybytes.jobportal.aspects.LoggingAndPerformanceAspect","message":"Execution time: 331 ms"}{"timestamp":"2026-05-27 18:37:41","level":"WARN","logger":"org.springdoc.core.events.SpringDocAppInitializer","message":"SpringDoc /v3/api-docs endpoint is enabled by default. To disable it in production, set the property 'springdoc.api-docs.enabled=false'"}{"timestamp":"2026-05-27 18:37:41","level":"WARN","logger":"org.springdoc.core.events.SpringDocAppInitializer","message":"SpringDoc /swagger-ui.html endpoint is enabled by default. To disable it in production, set the property 'springdoc.swagger-ui.enabled=false'"}{"timestamp":"2026-05-27 18:37:57","level":"INFO","logger":"org.apache.catalina.core.ContainerBase.[Tomcat].[localhost].[/]","message":"Initializing Spring DispatcherServlet 'dispatcherServlet'"}{"timestamp":"2026-05-27 18:37:57","level":"INFO","logger":"org.springframework.web.servlet.DispatcherServlet","message":"Initializing Servlet 'dispatcherServlet'"}{"timestamp":"2026-05-27 18:37:57","level":"INFO","logger":"org.springframework.web.servlet.DispatcherServlet","message":"Completed initialization in 3 ms"}{"timestamp":"2026-05-27 18:38:02","level":"INFO","logger":"com.eazybytes.jobportal.aspects.LoggingAndPerformanceAspect","message":"Entering method: CsrfController.csrfToken(..)"}{"timestamp":"2026-05-27 18:38:02","level":"INFO","logger":"com.eazybytes.jobportal.aspects.LoggingAndPerformanceAspect","message":"Arguments: [SecurityContextHolderAwareRequestWrapper[ org.springframework.security.web.header.HeaderWriterFilter$HeaderWriterRequest@4fe0e97b]]"}{"timestamp":"2026-05-27 18:38:02","level":"INFO","logger":"com.eazybytes.jobportal.aspects.LoggingAndPerformanceAspect","message":"Method executed successfully: CsrfController.csrfToken(..)"}{"timestamp":"2026-05-27 18:38:02","level":"INFO","logger":"com.eazybytes.jobportal.aspects.LoggingAndPerformanceAspect","message":"Execution time: 1 ms"}{"timestamp":"2026-05-27 18:38:48","level":"INFO","logger":"com.eazybytes.jobportal.aspects.LoggingAndPerformanceAspect","message":"Entering method: JobPortalUsernamePwdAuthenticationProvider.supports(..)"}{"timestamp":"2026-05-27 18:38:48","level":"INFO","logger":"com.eazybytes.jobportal.aspects.LoggingAndPerformanceAspect","message":"Arguments: [class org.springframework.security.authentication.UsernamePasswordAuthenticationToken]"}{"timestamp":"2026-05-27 18:38:48","level":"INFO","logger":"com.eazybytes.jobportal.aspects.LoggingAndPerformanceAspect","message":"Method executed successfully: JobPortalUsernamePwdAuthenticationProvider.supports(..)"}{"timestamp":"2026-05-27 18:38:48","level":"INFO","logger":"com.eazybytes.jobportal.aspects.LoggingAndPerformanceAspect","message":"Execution time: 2 ms"}{"timestamp":"2026-05-27 18:38:48","level":"INFO","logger":"com.eazybytes.jobportal.aspects.LoggingAndPerformanceAspect","message":"Entering method: JobPortalUsernamePwdAuthenticationProvider.authenticate(..)"}{"timestamp":"2026-05-27 18:38:48","level":"INFO","logger":"com.eazybytes.jobportal.aspects.LoggingAndPerformanceAspect","message":"Arguments: [UsernamePasswordAuthenticationToken [Principal=suman, Credentials=[PROTECTED], Authenticated=false, Details=WebAuthenticationDetails [RemoteIpAddress=0:0:0:0:0:0:0:1, SessionId=5CE3B90AB6210C10DCCD464336CC1112], Granted Authorities=[]]]"}{"timestamp":"2026-05-27 18:38:48","level":"INFO","logger":"com.eazybytes.jobportal.aspects.LoggingAndPerformanceAspect","message":"Entering method: JobPortalUserRepository.findJobPortalUserByEmail(..)"}{"timestamp":"2026-05-27 18:38:48","level":"INFO","logger":"com.eazybytes.jobportal.aspects.LoggingAndPerformanceAspect","message":"Arguments: [suman]"}{"timestamp":"2026-05-27 18:38:48","level":"INFO","logger":"com.eazybytes.jobportal.aspects.LoggingAndPerformanceAspect","message":"Method executed successfully: JobPortalUserRepository.findJobPortalUserByEmail(..)"}{"timestamp":"2026-05-27 18:38:48","level":"INFO","logger":"com.eazybytes.jobportal.aspects.LoggingAndPerformanceAspect","message":"Execution time: 100 ms"}{"timestamp":"2026-05-27 18:38:48","level":"ERROR","logger":"com.eazybytes.jobportal.aspects.ExceptionAuditAspect","message":"Exception occurred in method: JobPortalUsernamePwdAuthenticationProvider.authenticate(..)"}{"timestamp":"2026-05-27 18:38:48","level":"ERROR","logger":"com.eazybytes.jobportal.aspects.ExceptionAuditAspect","message":"Arguments: [UsernamePasswordAuthenticationToken [Principal=suman, Credentials=[PROTECTED], Authenticated=false, Details=WebAuthenticationDetails [RemoteIpAddress=0:0:0:0:0:0:0:1, SessionId=5CE3B90AB6210C10DCCD464336CC1112], Granted Authorities=[]]]"}{"timestamp":"2026-05-27 18:38:48","level":"ERROR","logger":"com.eazybytes.jobportal.aspects.ExceptionAuditAspect","message":"Exception type: UsernameNotFoundException"}{"timestamp":"2026-05-27 18:38:48","level":"ERROR","logger":"com.eazybytes.jobportal.aspects.ExceptionAuditAspect","message":"Exception message: User details not found for the user: suman"}{"timestamp":"2026-05-27 18:39:11","level":"INFO","logger":"com.eazybytes.jobportal.aspects.LoggingAndPerformanceAspect","message":"Entering method: JobPortalUsernamePwdAuthenticationProvider.supports(..)"}{"timestamp":"2026-05-27 18:39:11","level":"INFO","logger":"com.eazybytes.jobportal.aspects.LoggingAndPerformanceAspect","message":"Arguments: [class org.springframework.security.authentication.UsernamePasswordAuthenticationToken]"}{"timestamp":"2026-05-27 18:39:11","level":"INFO","logger":"com.eazybytes.jobportal.aspects.LoggingAndPerformanceAspect","message":"Method executed successfully: JobPortalUsernamePwdAuthenticationProvider.supports(..)"}{"timestamp":"2026-05-27 18:39:11","level":"INFO","logger":"com.eazybytes.jobportal.aspects.LoggingAndPerformanceAspect","message":"Execution time: 0 ms"}{"timestamp":"2026-05-27 18:39:11","level":"INFO","logger":"com.eazybytes.jobportal.aspects.LoggingAndPerformanceAspect","message":"Entering method: JobPortalUsernamePwdAuthenticationProvider.authenticate(..)"}{"timestamp":"2026-05-27 18:39:11","level":"INFO","logger":"com.eazybytes.jobportal.aspects.LoggingAndPerformanceAspect","message":"Arguments: [UsernamePasswordAuthenticationToken [Principal=suman, Credentials=[PROTECTED], Authenticated=false, Details=WebAuthenticationDetails [RemoteIpAddress=0:0:0:0:0:0:0:1, SessionId=5CE3B90AB6210C10DCCD464336CC1112], Granted Authorities=[]]]"}{"timestamp":"2026-05-27 18:39:11","level":"INFO","logger":"com.eazybytes.jobportal.aspects.LoggingAndPerformanceAspect","message":"Entering method: JobPortalUserRepository.findJobPortalUserByEmail(..)"}{"timestamp":"2026-05-27 18:39:11","level":"INFO","logger":"com.eazybytes.jobportal.aspects.LoggingAndPerformanceAspect","message":"Arguments: [suman]"}{"timestamp":"2026-05-27 18:39:11","level":"INFO","logger":"com.eazybytes.jobportal.aspects.LoggingAndPerformanceAspect","message":"Method executed successfully: JobPortalUserRepository.findJobPortalUserByEmail(..)"}{"timestamp":"2026-05-27 18:39:11","level":"INFO","logger":"com.eazybytes.jobportal.aspects.LoggingAndPerformanceAspect","message":"Execution time: 64 ms"}{"timestamp":"2026-05-27 18:39:11","level":"ERROR","logger":"com.eazybytes.jobportal.aspects.ExceptionAuditAspect","message":"Exception occurred in method: JobPortalUsernamePwdAuthenticationProvider.authenticate(..)"}{"timestamp":"2026-05-27 18:39:11","level":"ERROR","logger":"com.eazybytes.jobportal.aspects.ExceptionAuditAspect","message":"Arguments: [UsernamePasswordAuthenticationToken [Principal=suman, Credentials=[PROTECTED], Authenticated=false, Details=WebAuthenticationDetails [RemoteIpAddress=0:0:0:0:0:0:0:1, SessionId=5CE3B90AB6210C10DCCD464336CC1112], Granted Authorities=[]]]"}{"timestamp":"2026-05-27 18:39:11","level":"ERROR","logger":"com.eazybytes.jobportal.aspects.ExceptionAuditAspect","message":"Exception type: UsernameNotFoundException"}{"timestamp":"2026-05-27 18:39:11","level":"ERROR","logger":"com.eazybytes.jobportal.aspects.ExceptionAuditAspect","message":"Exception message: User details not found for the user: suman"}{"timestamp":"2026-05-27 18:40:31","level":"INFO","logger":"com.eazybytes.jobportal.aspects.LoggingAndPerformanceAspect","message":"Entering method: AuthController.apiLogin(..)"}{"timestamp":"2026-05-27 18:40:31","level":"INFO","logger":"com.eazybytes.jobportal.aspects.LoggingAndPerformanceAspect","message":"Arguments: [LoginRequestDto[username=Aman, password=AmanBhagat@123]]"}{"timestamp":"2026-05-27 18:40:31","level":"INFO","logger":"com.eazybytes.jobportal.aspects.LoggingAndPerformanceAspect","message":"Entering method: JobPortalUsernamePwdAuthenticationProvider.supports(..)"}{"timestamp":"2026-05-27 18:40:31","level":"INFO","logger":"com.eazybytes.jobportal.aspects.LoggingAndPerformanceAspect","message":"Arguments: [class org.springframework.security.authentication.UsernamePasswordAuthenticationToken]"}{"timestamp":"2026-05-27 18:40:31","level":"INFO","logger":"com.eazybytes.jobportal.aspects.LoggingAndPerformanceAspect","message":"Method executed successfully: JobPortalUsernamePwdAuthenticationProvider.supports(..)"}{"timestamp":"2026-05-27 18:40:31","level":"INFO","logger":"com.eazybytes.jobportal.aspects.LoggingAndPerformanceAspect","message":"Execution time: 0 ms"}{"timestamp":"2026-05-27 18:40:31","level":"INFO","logger":"com.eazybytes.jobportal.aspects.LoggingAndPerformanceAspect","message":"Entering method: JobPortalUsernamePwdAuthenticationProvider.authenticate(..)"}{"timestamp":"2026-05-27 18:40:31","level":"INFO","logger":"com.eazybytes.jobportal.aspects.LoggingAndPerformanceAspect","message":"Arguments: [UsernamePasswordAuthenticationToken [Principal=Aman, Credentials=[PROTECTED], Authenticated=false, Details=null, Granted Authorities=[]]]"}{"timestamp":"2026-05-27 18:40:31","level":"INFO","logger":"com.eazybytes.jobportal.aspects.LoggingAndPerformanceAspect","message":"Entering method: JobPortalUserRepository.findJobPortalUserByEmail(..)"}{"timestamp":"2026-05-27 18:40:31","level":"INFO","logger":"com.eazybytes.jobportal.aspects.LoggingAndPerformanceAspect","message":"Arguments: [Aman]"}{"timestamp":"2026-05-27 18:40:31","level":"INFO","logger":"com.eazybytes.jobportal.aspects.LoggingAndPerformanceAspect","message":"Method executed successfully: JobPortalUserRepository.findJobPortalUserByEmail(..)"}{"timestamp":"2026-05-27 18:40:31","level":"INFO","logger":"com.eazybytes.jobportal.aspects.LoggingAndPerformanceAspect","message":"Execution time: 10 ms"}{"timestamp":"2026-05-27 18:40:31","level":"ERROR","logger":"com.eazybytes.jobportal.aspects.ExceptionAuditAspect","message":"Exception occurred in method: JobPortalUsernamePwdAuthenticationProvider.authenticate(..)"}{"timestamp":"2026-05-27 18:40:31","level":"ERROR","logger":"com.eazybytes.jobportal.aspects.ExceptionAuditAspect","message":"Arguments: [UsernamePasswordAuthenticationToken [Principal=Aman, Credentials=[PROTECTED], Authenticated=false, Details=null, Granted Authorities=[]]]"}{"timestamp":"2026-05-27 18:40:31","level":"ERROR","logger":"com.eazybytes.jobportal.aspects.ExceptionAuditAspect","message":"Exception type: UsernameNotFoundException"}{"timestamp":"2026-05-27 18:40:31","level":"ERROR","logger":"com.eazybytes.jobportal.aspects.ExceptionAuditAspect","message":"Exception message: User details not found for the user: Aman"}{"timestamp":"2026-05-27 18:40:31","level":"INFO","logger":"com.eazybytes.jobportal.aspects.LoggingAndPerformanceAspect","message":"Method executed successfully: AuthController.apiLogin(..)"}{"timestamp":"2026-05-27 18:40:31","level":"INFO","logger":"com.eazybytes.jobportal.aspects.LoggingAndPerformanceAspect","message":"Execution time: 15 ms"}{"timestamp":"2026-05-27 18:40:38","level":"INFO","logger":"com.eazybytes.jobportal.aspects.LoggingAndPerformanceAspect","message":"Entering method: AuthController.apiLogin(..)"}{"timestamp":"2026-05-27 18:40:38","level":"INFO","logger":"com.eazybytes.jobportal.aspects.LoggingAndPerformanceAspect","message":"Arguments: [LoginRequestDto[username=Aman, password=AmanBhagat@123]]"}{"timestamp":"2026-05-27 18:40:38","level":"INFO","logger":"com.eazybytes.jobportal.aspects.LoggingAndPerformanceAspect","message":"Entering method: JobPortalUsernamePwdAuthenticationProvider.supports(..)"}{"timestamp":"2026-05-27 18:40:38","level":"INFO","logger":"com.eazybytes.jobportal.aspects.LoggingAndPerformanceAspect","message":"Arguments: [class org.springframework.security.authentication.UsernamePasswordAuthenticationToken]"}{"timestamp":"2026-05-27 18:40:38","level":"INFO","logger":"com.eazybytes.jobportal.aspects.LoggingAndPerformanceAspect","message":"Method executed successfully: JobPortalUsernamePwdAuthenticationProvider.supports(..)"}{"timestamp":"2026-05-27 18:40:38","level":"INFO","logger":"com.eazybytes.jobportal.aspects.LoggingAndPerformanceAspect","message":"Execution time: 0 ms"}{"timestamp":"2026-05-27 18:40:38","level":"INFO","logger":"com.eazybytes.jobportal.aspects.LoggingAndPerformanceAspect","message":"Entering method: JobPortalUsernamePwdAuthenticationProvider.authenticate(..)"}{"timestamp":"2026-05-27 18:40:38","level":"INFO","logger":"com.eazybytes.jobportal.aspects.LoggingAndPerformanceAspect","message":"Arguments: [UsernamePasswordAuthenticationToken [Principal=Aman, Credentials=[PROTECTED], Authenticated=false, Details=null, Granted Authorities=[]]]"}{"timestamp":"2026-05-27 18:40:38","level":"INFO","logger":"com.eazybytes.jobportal.aspects.LoggingAndPerformanceAspect","message":"Entering method: JobPortalUserRepository.findJobPortalUserByEmail(..)"}{"timestamp":"2026-05-27 18:40:38","level":"INFO","logger":"com.eazybytes.jobportal.aspects.LoggingAndPerformanceAspect","message":"Arguments: [Aman]"}{"timestamp":"2026-05-27 18:40:38","level":"INFO","logger":"com.eazybytes.jobportal.aspects.LoggingAndPerformanceAspect","message":"Method executed successfully: JobPortalUserRepository.findJobPortalUserByEmail(..)"}{"timestamp":"2026-05-27 18:40:38","level":"INFO","logger":"com.eazybytes.jobportal.aspects.LoggingAndPerformanceAspect","message":"Execution time: 27 ms"}{"timestamp":"2026-05-27 18:40:38","level":"ERROR","logger":"com.eazybytes.jobportal.aspects.ExceptionAuditAspect","message":"Exception occurred in method: JobPortalUsernamePwdAuthenticationProvider.authenticate(..)"}{"timestamp":"2026-05-27 18:40:38","level":"ERROR","logger":"com.eazybytes.jobportal.aspects.ExceptionAuditAspect","message":"Arguments: [UsernamePasswordAuthenticationToken [Principal=Aman, Credentials=[PROTECTED], Authenticated=false, Details=null, Granted Authorities=[]]]"}{"timestamp":"2026-05-27 18:40:38","level":"ERROR","logger":"com.eazybytes.jobportal.aspects.ExceptionAuditAspect","message":"Exception type: UsernameNotFoundException"}{"timestamp":"2026-05-27 18:40:38","level":"ERROR","logger":"com.eazybytes.jobportal.aspects.ExceptionAuditAspect","message":"Exception message: User details not found for the user: Aman"}{"timestamp":"2026-05-27 18:40:38","level":"INFO","logger":"com.eazybytes.jobportal.aspects.LoggingAndPerformanceAspect","message":"Method executed successfully: AuthController.apiLogin(..)"}{"timestamp":"2026-05-27 18:40:38","level":"INFO","logger":"com.eazybytes.jobportal.aspects.LoggingAndPerformanceAspect","message":"Execution time: 32 ms"}{"timestamp":"2026-05-27 18:40:47","level":"INFO","logger":"com.eazybytes.jobportal.aspects.LoggingAndPerformanceAspect","message":"Entering method: AuthController.apiLogin(..)"}{"timestamp":"2026-05-27 18:40:47","level":"INFO","logger":"com.eazybytes.jobportal.aspects.LoggingAndPerformanceAspect","message":"Arguments: [LoginRequestDto[username=Aman, password=AmanBhagat@123]]"}{"timestamp":"2026-05-27 18:40:47","level":"INFO","logger":"com.eazybytes.jobportal.aspects.LoggingAndPerformanceAspect","message":"Entering method: JobPortalUsernamePwdAuthenticationProvider.supports(..)"}{"timestamp":"2026-05-27 18:40:47","level":"INFO","logger":"com.eazybytes.jobportal.aspects.LoggingAndPerformanceAspect","message":"Arguments: [class org.springframework.security.authentication.UsernamePasswordAuthenticationToken]"}{"timestamp":"2026-05-27 18:40:47","level":"INFO","logger":"com.eazybytes.jobportal.aspects.LoggingAndPerformanceAspect","message":"Method executed successfully: JobPortalUsernamePwdAuthenticationProvider.supports(..)"}{"timestamp":"2026-05-27 18:40:47","level":"INFO","logger":"com.eazybytes.jobportal.aspects.LoggingAndPerformanceAspect","message":"Execution time: 1 ms"}{"timestamp":"2026-05-27 18:40:47","level":"INFO","logger":"com.eazybytes.jobportal.aspects.LoggingAndPerformanceAspect","message":"Entering method: JobPortalUsernamePwdAuthenticationProvider.authenticate(..)"}{"timestamp":"2026-05-27 18:40:47","level":"INFO","logger":"com.eazybytes.jobportal.aspects.LoggingAndPerformanceAspect","message":"Arguments: [UsernamePasswordAuthenticationToken [Principal=Aman, Credentials=[PROTECTED], Authenticated=false, Details=null, Granted Authorities=[]]]"}{"timestamp":"2026-05-27 18:40:47","level":"INFO","logger":"com.eazybytes.jobportal.aspects.LoggingAndPerformanceAspect","message":"Entering method: JobPortalUserRepository.findJobPortalUserByEmail(..)"}{"timestamp":"2026-05-27 18:40:47","level":"INFO","logger":"com.eazybytes.jobportal.aspects.LoggingAndPerformanceAspect","message":"Arguments: [Aman]"}{"timestamp":"2026-05-27 18:40:47","level":"INFO","logger":"com.eazybytes.jobportal.aspects.LoggingAndPerformanceAspect","message":"Method executed successfully: JobPortalUserRepository.findJobPortalUserByEmail(..)"}{"timestamp":"2026-05-27 18:40:47","level":"INFO","logger":"com.eazybytes.jobportal.aspects.LoggingAndPerformanceAspect","message":"Execution time: 13 ms"}{"timestamp":"2026-05-27 18:40:47","level":"ERROR","logger":"com.eazybytes.jobportal.aspects.ExceptionAuditAspect","message":"Exception occurred in method: JobPortalUsernamePwdAuthenticationProvider.authenticate(..)"}{"timestamp":"2026-05-27 18:40:47","level":"ERROR","logger":"com.eazybytes.jobportal.aspects.ExceptionAuditAspect","message":"Arguments: [UsernamePasswordAuthenticationToken [Principal=Aman, Credentials=[PROTECTED], Authenticated=false, Details=null, Granted Authorities=[]]]"}{"timestamp":"2026-05-27 18:40:47","level":"ERROR","logger":"com.eazybytes.jobportal.aspects.ExceptionAuditAspect","message":"Exception type: UsernameNotFoundException"}{"timestamp":"2026-05-27 18:40:47","level":"ERROR","logger":"com.eazybytes.jobportal.aspects.ExceptionAuditAspect","message":"Exception message: User details not found for the user: Aman"}{"timestamp":"2026-05-27 18:40:47","level":"INFO","logger":"com.eazybytes.jobportal.aspects.LoggingAndPerformanceAspect","message":"Method executed successfully: AuthController.apiLogin(..)"}{"timestamp":"2026-05-27 18:40:47","level":"INFO","logger":"com.eazybytes.jobportal.aspects.LoggingAndPerformanceAspect","message":"Execution time: 19 ms"}{"timestamp":"2026-05-27 18:41:15","level":"INFO","logger":"com.eazybytes.jobportal.aspects.LoggingAndPerformanceAspect","message":"Entering method: AuthController.apiLogin(..)"}{"timestamp":"2026-05-27 18:41:15","level":"INFO","logger":"com.eazybytes.jobportal.aspects.LoggingAndPerformanceAspect","message":"Arguments: [LoginRequestDto[username=aman@gmail.com, password=AmanBhagat@123]]"}{"timestamp":"2026-05-27 18:41:15","level":"INFO","logger":"com.eazybytes.jobportal.aspects.LoggingAndPerformanceAspect","message":"Entering method: JobPortalUsernamePwdAuthenticationProvider.supports(..)"}{"timestamp":"2026-05-27 18:41:15","level":"INFO","logger":"com.eazybytes.jobportal.aspects.LoggingAndPerformanceAspect","message":"Arguments: [class org.springframework.security.authentication.UsernamePasswordAuthenticationToken]"}{"timestamp":"2026-05-27 18:41:15","level":"INFO","logger":"com.eazybytes.jobportal.aspects.LoggingAndPerformanceAspect","message":"Method executed successfully: JobPortalUsernamePwdAuthenticationProvider.supports(..)"}{"timestamp":"2026-05-27 18:41:15","level":"INFO","logger":"com.eazybytes.jobportal.aspects.LoggingAndPerformanceAspect","message":"Execution time: 1 ms"}{"timestamp":"2026-05-27 18:41:15","level":"INFO","logger":"com.eazybytes.jobportal.aspects.LoggingAndPerformanceAspect","message":"Entering method: JobPortalUsernamePwdAuthenticationProvider.authenticate(..)"}{"timestamp":"2026-05-27 18:41:15","level":"INFO","logger":"com.eazybytes.jobportal.aspects.LoggingAndPerformanceAspect","message":"Arguments: [UsernamePasswordAuthenticationToken [Principal=aman@gmail.com, Credentials=[PROTECTED], Authenticated=false, Details=null, Granted Authorities=[]]]"}{"timestamp":"2026-05-27 18:41:15","level":"INFO","logger":"com.eazybytes.jobportal.aspects.LoggingAndPerformanceAspect","message":"Entering method: JobPortalUserRepository.findJobPortalUserByEmail(..)"}{"timestamp":"2026-05-27 18:41:15","level":"INFO","logger":"com.eazybytes.jobportal.aspects.LoggingAndPerformanceAspect","message":"Arguments: [aman@gmail.com]"}{"timestamp":"2026-05-27 18:41:15","level":"INFO","logger":"com.eazybytes.jobportal.aspects.LoggingAndPerformanceAspect","message":"Method executed successfully: JobPortalUserRepository.findJobPortalUserByEmail(..)"}{"timestamp":"2026-05-27 18:41:15","level":"INFO","logger":"com.eazybytes.jobportal.aspects.LoggingAndPerformanceAspect","message":"Execution time: 35 ms"}{"timestamp":"2026-05-27 18:41:16","level":"ERROR","logger":"com.eazybytes.jobportal.aspects.ExceptionAuditAspect","message":"Exception occurred in method: JobPortalUsernamePwdAuthenticationProvider.authenticate(..)"}{"timestamp":"2026-05-27 18:41:16","level":"ERROR","logger":"com.eazybytes.jobportal.aspects.ExceptionAuditAspect","message":"Arguments: [UsernamePasswordAuthenticationToken [Principal=aman@gmail.com, Credentials=[PROTECTED], Authenticated=false, Details=null, Granted Authorities=[]]]"}{"timestamp":"2026-05-27 18:41:16","level":"ERROR","logger":"com.eazybytes.jobportal.aspects.ExceptionAuditAspect","message":"Exception type: BadCredentialsException"}{"timestamp":"2026-05-27 18:41:16","level":"ERROR","logger":"com.eazybytes.jobportal.aspects.ExceptionAuditAspect","message":"Exception message: Invalid password!"}{"timestamp":"2026-05-27 18:41:16","level":"INFO","logger":"com.eazybytes.jobportal.aspects.LoggingAndPerformanceAspect","message":"Method executed successfully: AuthController.apiLogin(..)"}{"timestamp":"2026-05-27 18:41:16","level":"INFO","logger":"com.eazybytes.jobportal.aspects.LoggingAndPerformanceAspect","message":"Execution time: 114 ms"}{"timestamp":"2026-05-27 18:42:36","level":"INFO","logger":"com.eazybytes.jobportal.aspects.LoggingAndPerformanceAspect","message":"Entering method: AuthController.registerUser(..)"}{"timestamp":"2026-05-27 18:42:36","level":"INFO","logger":"com.eazybytes.jobportal.aspects.LoggingAndPerformanceAspect","message":"Arguments: [RegisterRequestDto[name=Piyush Sah, email=piyush@gmail.com, mobileNumber=1111111111, password=PiyushSah@1234]]"}{"timestamp":"2026-05-27 18:42:36","level":"INFO","logger":"com.eazybytes.jobportal.aspects.RegisterValidationAspect","message":"Validating user registration request"}{"timestamp":"2026-05-27 18:42:36","level":"INFO","logger":"com.eazybytes.jobportal.aspects.LoggingAndPerformanceAspect","message":"Entering method: JobPortalUserRepository.readUserByEmailOrMobileNumber(..)"}{"timestamp":"2026-05-27 18:42:36","level":"INFO","logger":"com.eazybytes.jobportal.aspects.LoggingAndPerformanceAspect","message":"Arguments: [piyush@gmail.com, 1111111111]"}{"timestamp":"2026-05-27 18:42:36","level":"INFO","logger":"com.eazybytes.jobportal.aspects.LoggingAndPerformanceAspect","message":"Method executed successfully: JobPortalUserRepository.readUserByEmailOrMobileNumber(..)"}{"timestamp":"2026-05-27 18:42:36","level":"INFO","logger":"com.eazybytes.jobportal.aspects.LoggingAndPerformanceAspect","message":"Execution time: 20 ms"}{"timestamp":"2026-05-27 18:42:36","level":"INFO","logger":"com.eazybytes.jobportal.aspects.RegisterValidationAspect","message":"Registration validation passed"}{"timestamp":"2026-05-27 18:42:36","level":"INFO","logger":"com.eazybytes.jobportal.aspects.LoggingAndPerformanceAspect","message":"Entering method: RoleRepository.findRoleByName(..)"}{"timestamp":"2026-05-27 18:42:36","level":"INFO","logger":"com.eazybytes.jobportal.aspects.LoggingAndPerformanceAspect","message":"Arguments: [ROLE_JOB_SEEKER]"}{"timestamp":"2026-05-27 18:42:36","level":"INFO","logger":"com.eazybytes.jobportal.aspects.LoggingAndPerformanceAspect","message":"Method executed successfully: RoleRepository.findRoleByName(..)"}{"timestamp":"2026-05-27 18:42:36","level":"INFO","logger":"com.eazybytes.jobportal.aspects.LoggingAndPerformanceAspect","message":"Execution time: 3 ms"}{"timestamp":"2026-05-27 18:42:36","level":"INFO","logger":"com.eazybytes.jobportal.aspects.LoggingAndPerformanceAspect","message":"Entering method: CrudRepository.save(..)"}{"timestamp":"2026-05-27 18:42:36","level":"INFO","logger":"com.eazybytes.jobportal.aspects.LoggingAndPerformanceAspect","message":"Arguments: [com.eazybytes.jobportal.entity.JobPortalUser@66c9492f]"}{"timestamp":"2026-05-27 18:42:36","level":"INFO","logger":"com.eazybytes.jobportal.aspects.LoggingAndPerformanceAspect","message":"Entering method: AuditorAwareImpl.getCurrentAuditor()"}{"timestamp":"2026-05-27 18:42:36","level":"INFO","logger":"com.eazybytes.jobportal.aspects.LoggingAndPerformanceAspect","message":"Arguments: []"}{"timestamp":"2026-05-27 18:42:36","level":"INFO","logger":"com.eazybytes.jobportal.aspects.LoggingAndPerformanceAspect","message":"Method executed successfully: AuditorAwareImpl.getCurrentAuditor()"}{"timestamp":"2026-05-27 18:42:36","level":"INFO","logger":"com.eazybytes.jobportal.aspects.LoggingAndPerformanceAspect","message":"Execution time: 0 ms"}{"timestamp":"2026-05-27 18:42:36","level":"INFO","logger":"com.eazybytes.jobportal.aspects.LoggingAndPerformanceAspect","message":"Method executed successfully: CrudRepository.save(..)"}{"timestamp":"2026-05-27 18:42:36","level":"INFO","logger":"com.eazybytes.jobportal.aspects.LoggingAndPerformanceAspect","message":"Execution time: 71 ms"}{"timestamp":"2026-05-27 18:42:36","level":"INFO","logger":"com.eazybytes.jobportal.aspects.LoggingAndPerformanceAspect","message":"Method executed successfully: AuthController.registerUser(..)"}{"timestamp":"2026-05-27 18:42:36","level":"INFO","logger":"com.eazybytes.jobportal.aspects.LoggingAndPerformanceAspect","message":"Execution time: 592 ms"}{"timestamp":"2026-05-27 18:42:53","level":"INFO","logger":"com.eazybytes.jobportal.aspects.LoggingAndPerformanceAspect","message":"Entering method: AuthController.apiLogin(..)"}{"timestamp":"2026-05-27 18:42:53","level":"INFO","logger":"com.eazybytes.jobportal.aspects.LoggingAndPerformanceAspect","message":"Arguments: [LoginRequestDto[username=aman@gmail.com, password=AmanBhagat@1234]]"}{"timestamp":"2026-05-27 18:42:53","level":"INFO","logger":"com.eazybytes.jobportal.aspects.LoggingAndPerformanceAspect","message":"Entering method: JobPortalUsernamePwdAuthenticationProvider.supports(..)"}{"timestamp":"2026-05-27 18:42:53","level":"INFO","logger":"com.eazybytes.jobportal.aspects.LoggingAndPerformanceAspect","message":"Arguments: [class org.springframework.security.authentication.UsernamePasswordAuthenticationToken]"}{"timestamp":"2026-05-27 18:42:53","level":"INFO","logger":"com.eazybytes.jobportal.aspects.LoggingAndPerformanceAspect","message":"Method executed successfully: JobPortalUsernamePwdAuthenticationProvider.supports(..)"}{"timestamp":"2026-05-27 18:42:53","level":"INFO","logger":"com.eazybytes.jobportal.aspects.LoggingAndPerformanceAspect","message":"Execution time: 1 ms"}{"timestamp":"2026-05-27 18:42:53","level":"INFO","logger":"com.eazybytes.jobportal.aspects.LoggingAndPerformanceAspect","message":"Entering method: JobPortalUsernamePwdAuthenticationProvider.authenticate(..)"}{"timestamp":"2026-05-27 18:42:53","level":"INFO","logger":"com.eazybytes.jobportal.aspects.LoggingAndPerformanceAspect","message":"Arguments: [UsernamePasswordAuthenticationToken [Principal=aman@gmail.com, Credentials=[PROTECTED], Authenticated=false, Details=null, Granted Authorities=[]]]"}{"timestamp":"2026-05-27 18:42:53","level":"INFO","logger":"com.eazybytes.jobportal.aspects.LoggingAndPerformanceAspect","message":"Entering method: JobPortalUserRepository.findJobPortalUserByEmail(..)"}{"timestamp":"2026-05-27 18:42:53","level":"INFO","logger":"com.eazybytes.jobportal.aspects.LoggingAndPerformanceAspect","message":"Arguments: [aman@gmail.com]"}{"timestamp":"2026-05-27 18:42:53","level":"INFO","logger":"com.eazybytes.jobportal.aspects.LoggingAndPerformanceAspect","message":"Method executed successfully: JobPortalUserRepository.findJobPortalUserByEmail(..)"}{"timestamp":"2026-05-27 18:42:53","level":"INFO","logger":"com.eazybytes.jobportal.aspects.LoggingAndPerformanceAspect","message":"Execution time: 13 ms"}{"timestamp":"2026-05-27 18:42:53","level":"INFO","logger":"com.eazybytes.jobportal.aspects.LoggingAndPerformanceAspect","message":"Method executed successfully: JobPortalUsernamePwdAuthenticationProvider.authenticate(..)"}{"timestamp":"2026-05-27 18:42:53","level":"INFO","logger":"com.eazybytes.jobportal.aspects.LoggingAndPerformanceAspect","message":"Execution time: 88 ms"}{"timestamp":"2026-05-27 18:42:53","level":"INFO","logger":"com.eazybytes.jobportal.aspects.LoggingAndPerformanceAspect","message":"Entering method: JwtUtil.generateJwtToken(..)"}{"timestamp":"2026-05-27 18:42:53","level":"INFO","logger":"com.eazybytes.jobportal.aspects.LoggingAndPerformanceAspect","message":"Arguments: [UsernamePasswordAuthenticationToken [Principal=com.eazybytes.jobportal.entity.JobPortalUser@6c0b81cd, Credentials=[PROTECTED], Authenticated=true, Details=null, Granted Authorities=[ROLE_JOB_SEEKER]]]"}{"timestamp":"2026-05-27 18:42:53","level":"INFO","logger":"com.eazybytes.jobportal.aspects.LoggingAndPerformanceAspect","message":"Method executed successfully: JwtUtil.generateJwtToken(..)"}{"timestamp":"2026-05-27 18:42:53","level":"INFO","logger":"com.eazybytes.jobportal.aspects.LoggingAndPerformanceAspect","message":"Execution time: 58 ms"}{"timestamp":"2026-05-27 18:42:53","level":"INFO","logger":"com.eazybytes.jobportal.aspects.LoginSuccessAuditAspect","message":"LOGIN SUCCESS | User: aman@gmail.com | Role: ROLE_JOB_SEEKER"}{"timestamp":"2026-05-27 18:42:53","level":"INFO","logger":"com.eazybytes.jobportal.aspects.LoggingAndPerformanceAspect","message":"Method executed successfully: AuthController.apiLogin(..)"}{"timestamp":"2026-05-27 18:42:53","level":"INFO","logger":"com.eazybytes.jobportal.aspects.LoggingAndPerformanceAspect","message":"Execution time: 149 ms"}{"timestamp":"2026-05-27 18:46:50","level":"INFO","logger":"com.eazybytes.jobportal.aspects.LoggingAndPerformanceAspect","message":"Entering method: CsrfController.csrfToken(..)"}{"timestamp":"2026-05-27 18:46:50","level":"INFO","logger":"com.eazybytes.jobportal.aspects.LoggingAndPerformanceAspect","message":"Arguments: [SecurityContextHolderAwareRequestWrapper[ org.springframework.security.web.header.HeaderWriterFilter$HeaderWriterRequest@212583fa]]"}{"timestamp":"2026-05-27 18:46:50","level":"INFO","logger":"com.eazybytes.jobportal.aspects.LoggingAndPerformanceAspect","message":"Method executed successfully: CsrfController.csrfToken(..)"}{"timestamp":"2026-05-27 18:46:50","level":"INFO","logger":"com.eazybytes.jobportal.aspects.LoggingAndPerformanceAspect","message":"Execution time: 1 ms"}{"timestamp":"2026-05-27 18:47:09","level":"INFO","logger":"com.eazybytes.jobportal.aspects.LoggingAndPerformanceAspect","message":"Entering method: AuthController.apiLogin(..)"}{"timestamp":"2026-05-27 18:47:09","level":"INFO","logger":"com.eazybytes.jobportal.aspects.LoggingAndPerformanceAspect","message":"Arguments: [LoginRequestDto[username=aman@gmail.com, password=AmanBhagat@1234]]"}{"timestamp":"2026-05-27 18:47:09","level":"INFO","logger":"com.eazybytes.jobportal.aspects.LoggingAndPerformanceAspect","message":"Entering method: JobPortalUsernamePwdAuthenticationProvider.supports(..)"}{"timestamp":"2026-05-27 18:47:09","level":"INFO","logger":"com.eazybytes.jobportal.aspects.LoggingAndPerformanceAspect","message":"Arguments: [class org.springframework.security.authentication.UsernamePasswordAuthenticationToken]"}{"timestamp":"2026-05-27 18:47:09","level":"INFO","logger":"com.eazybytes.jobportal.aspects.LoggingAndPerformanceAspect","message":"Method executed successfully: JobPortalUsernamePwdAuthenticationProvider.supports(..)"}{"timestamp":"2026-05-27 18:47:09","level":"INFO","logger":"com.eazybytes.jobportal.aspects.LoggingAndPerformanceAspect","message":"Execution time: 0 ms"}{"timestamp":"2026-05-27 18:47:09","level":"INFO","logger":"com.eazybytes.jobportal.aspects.LoggingAndPerformanceAspect","message":"Entering method: JobPortalUsernamePwdAuthenticationProvider.authenticate(..)"}{"timestamp":"2026-05-27 18:47:09","level":"INFO","logger":"com.eazybytes.jobportal.aspects.LoggingAndPerformanceAspect","message":"Arguments: [UsernamePasswordAuthenticationToken [Principal=aman@gmail.com, Credentials=[PROTECTED], Authenticated=false, Details=null, Granted Authorities=[]]]"}{"timestamp":"2026-05-27 18:47:09","level":"INFO","logger":"com.eazybytes.jobportal.aspects.LoggingAndPerformanceAspect","message":"Entering method: JobPortalUserRepository.findJobPortalUserByEmail(..)"}{"timestamp":"2026-05-27 18:47:09","level":"INFO","logger":"com.eazybytes.jobportal.aspects.LoggingAndPerformanceAspect","message":"Arguments: [aman@gmail.com]"}{"timestamp":"2026-05-27 18:47:09","level":"INFO","logger":"com.eazybytes.jobportal.aspects.LoggingAndPerformanceAspect","message":"Method executed successfully: JobPortalUserRepository.findJobPortalUserByEmail(..)"}{"timestamp":"2026-05-27 18:47:09","level":"INFO","logger":"com.eazybytes.jobportal.aspects.LoggingAndPerformanceAspect","message":"Execution time: 19 ms"}{"timestamp":"2026-05-27 18:47:09","level":"INFO","logger":"com.eazybytes.jobportal.aspects.LoggingAndPerformanceAspect","message":"Method executed successfully: JobPortalUsernamePwdAuthenticationProvider.authenticate(..)"}{"timestamp":"2026-05-27 18:47:09","level":"INFO","logger":"com.eazybytes.jobportal.aspects.LoggingAndPerformanceAspect","message":"Execution time: 95 ms"}{"timestamp":"2026-05-27 18:47:09","level":"INFO","logger":"com.eazybytes.jobportal.aspects.LoggingAndPerformanceAspect","message":"Entering method: JwtUtil.generateJwtToken(..)"}{"timestamp":"2026-05-27 18:47:09","level":"INFO","logger":"com.eazybytes.jobportal.aspects.LoggingAndPerformanceAspect","message":"Arguments: [UsernamePasswordAuthenticationToken [Principal=com.eazybytes.jobportal.entity.JobPortalUser@e239dd8, Credentials=[PROTECTED], Authenticated=true, Details=null, Granted Authorities=[ROLE_JOB_SEEKER]]]"}{"timestamp":"2026-05-27 18:47:09","level":"INFO","logger":"com.eazybytes.jobportal.aspects.LoggingAndPerformanceAspect","message":"Method executed successfully: JwtUtil.generateJwtToken(..)"}{"timestamp":"2026-05-27 18:47:09","level":"INFO","logger":"com.eazybytes.jobportal.aspects.LoggingAndPerformanceAspect","message":"Execution time: 6 ms"}{"timestamp":"2026-05-27 18:47:09","level":"INFO","logger":"com.eazybytes.jobportal.aspects.LoginSuccessAuditAspect","message":"LOGIN SUCCESS | User: aman@gmail.com | Role: ROLE_JOB_SEEKER"}{"timestamp":"2026-05-27 18:47:09","level":"INFO","logger":"com.eazybytes.jobportal.aspects.LoggingAndPerformanceAspect","message":"Method executed successfully: AuthController.apiLogin(..)"}{"timestamp":"2026-05-27 18:47:09","level":"INFO","logger":"com.eazybytes.jobportal.aspects.LoggingAndPerformanceAspect","message":"Execution time: 103 ms"}{"timestamp":"2026-05-27 18:51:18","level":"INFO","logger":"org.springframework.boot.tomcat.GracefulShutdown","message":"Commencing graceful shutdown. Waiting for active requests to complete"}{"timestamp":"2026-05-27 18:51:18","level":"INFO","logger":"org.springframework.boot.tomcat.GracefulShutdown","message":"Graceful shutdown complete"}{"timestamp":"2026-05-27 18:51:18","level":"INFO","logger":"org.springframework.orm.jpa.LocalContainerEntityManagerFactoryBean","message":"Closing JPA EntityManagerFactory for persistence unit 'default'"}{"timestamp":"2026-05-27 18:51:18","level":"INFO","logger":"com.zaxxer.hikari.HikariDataSource","message":"HikariPool-1 - Shutdown initiated..."}{"timestamp":"2026-05-27 18:51:18","level":"INFO","logger":"com.zaxxer.hikari.HikariDataSource","message":"HikariPool-1 - Shutdown completed."}{"timestamp":"2026-05-27 18:51:24","level":"INFO","logger":"com.eazybytes.jobportal.JobportalApplication","message":"Starting JobportalApplication using Java 25.0.3 with PID 80000 (/Users/sumanyadav/Desktop/Learn/learn-SpringBoot/app/jobportal/target/classes started by sumanyadav in /Users/sumanyadav/Desktop/Learn/learn-SpringBoot/app)"}{"timestamp":"2026-05-27 18:51:24","level":"INFO","logger":"com.eazybytes.jobportal.JobportalApplication","message":"No active profile set, falling back to 1 default profile: "default""}{"timestamp":"2026-05-27 18:51:24","level":"INFO","logger":"org.springframework.boot.devtools.env.DevToolsPropertyDefaultsPostProcessor","message":"Devtools property defaults active! Set 'spring.devtools.add-properties' to 'false' to disable"}{"timestamp":"2026-05-27 18:51:24","level":"INFO","logger":"org.springframework.boot.devtools.env.DevToolsPropertyDefaultsPostProcessor","message":"For additional web related logging consider setting the 'logging.level.web' property to 'DEBUG'"}{"timestamp":"2026-05-27 18:51:24","level":"INFO","logger":"org.hibernate.validator.internal.util.Version","message":"HV000001: Hibernate Validator 9.0.1.Final"}{"timestamp":"2026-05-27 18:51:24","level":"INFO","logger":"org.springframework.data.repository.config.RepositoryConfigurationDelegate","message":"Bootstrapping Spring Data JPA repositories in DEFAULT mode."}{"timestamp":"2026-05-27 18:51:24","level":"INFO","logger":"org.springframework.data.repository.config.RepositoryConfigurationDelegate","message":"Finished Spring Data repository scanning in 23 ms. Found 4 JPA repository interfaces."}{"timestamp":"2026-05-27 18:51:25","level":"INFO","logger":"org.springframework.boot.tomcat.TomcatWebServer","message":"Tomcat initialized with port 8080 (http)"}{"timestamp":"2026-05-27 18:51:25","level":"INFO","logger":"org.apache.coyote.http11.Http11NioProtocol","message":"Initializing ProtocolHandler ["http-nio-8080"]"}{"timestamp":"2026-05-27 18:51:25","level":"INFO","logger":"org.apache.catalina.core.StandardService","message":"Starting service [Tomcat]"}{"timestamp":"2026-05-27 18:51:25","level":"INFO","logger":"org.apache.catalina.core.StandardEngine","message":"Starting Servlet engine: [Apache Tomcat/11.0.14]"}{"timestamp":"2026-05-27 18:51:25","level":"INFO","logger":"org.springframework.boot.web.context.servlet.WebApplicationContextInitializer","message":"Root WebApplicationContext: initialization completed in 852 ms"}{"timestamp":"2026-05-27 18:51:25","level":"INFO","logger":"com.zaxxer.hikari.HikariDataSource","message":"HikariPool-1 - Starting..."}{"timestamp":"2026-05-27 18:51:25","level":"INFO","logger":"com.zaxxer.hikari.pool.HikariPool","message":"HikariPool-1 - Added connection com.mysql.cj.jdbc.ConnectionImpl@4f5697ba"}{"timestamp":"2026-05-27 18:51:25","level":"INFO","logger":"com.zaxxer.hikari.HikariDataSource","message":"HikariPool-1 - Start completed."}{"timestamp":"2026-05-27 18:51:25","level":"INFO","logger":"org.hibernate.jpa.internal.util.LogHelper","message":"HHH000204: Processing PersistenceUnitInfo [name: default]"}{"timestamp":"2026-05-27 18:51:25","level":"INFO","logger":"org.hibernate.Version","message":"HHH000412: Hibernate ORM core version 7.1.8.Final"}{"timestamp":"2026-05-27 18:51:25","level":"INFO","logger":"org.springframework.orm.jpa.persistenceunit.SpringPersistenceUnitInfo","message":"No LoadTimeWeaver setup: ignoring JPA class transformer"}{"timestamp":"2026-05-27 18:51:25","level":"WARN","logger":"org.hibernate.orm.deprecation","message":"HHH90000025: MySQLDialect does not need to be specified explicitly using 'hibernate.dialect' (remove the property setting and it will be selected by default)"}{"timestamp":"2026-05-27 18:51:25","level":"INFO","logger":"org.hibernate.orm.connections.pooling","message":"HHH10001005: Database info:
	Database JDBC URL [jdbc:mysql://localhost:3306/jobportal]
	Database driver: MySQL Connector/J
	Database dialect: MySQLDialect
	Database version: 9.7
	Default catalog/schema: jobportal/undefined
	Autocommit mode: undefined/unknown
	Isolation level: REPEATABLE_READ [default REPEATABLE_READ]
	JDBC fetch size: none
	Pool: DatasourceConnectionProviderImpl
	Minimum pool size: undefined/unknown
	Maximum pool size: undefined/unknown"}{"timestamp":"2026-05-27 18:51:26","level":"INFO","logger":"org.hibernate.engine.transaction.jta.platform.internal.JtaPlatformInitiator","message":"HHH000489: No JTA platform available (set 'hibernate.transaction.jta.platform' to enable JTA platform integration)"}{"timestamp":"2026-05-27 18:51:26","level":"INFO","logger":"org.springframework.orm.jpa.LocalContainerEntityManagerFactoryBean","message":"Initialized JPA EntityManagerFactory for persistence unit 'default'"}{"timestamp":"2026-05-27 18:51:26","level":"INFO","logger":"com.eazybytes.jobportal.aspects.LoggingAndPerformanceAspect","message":"Entering method: PathsConfig.publicPaths()"}{"timestamp":"2026-05-27 18:51:26","level":"INFO","logger":"com.eazybytes.jobportal.aspects.LoggingAndPerformanceAspect","message":"Arguments: []"}{"timestamp":"2026-05-27 18:51:26","level":"INFO","logger":"com.eazybytes.jobportal.aspects.LoggingAndPerformanceAspect","message":"Method executed successfully: PathsConfig.publicPaths()"}{"timestamp":"2026-05-27 18:51:26","level":"INFO","logger":"com.eazybytes.jobportal.aspects.LoggingAndPerformanceAspect","message":"Execution time: 1 ms"}{"timestamp":"2026-05-27 18:51:26","level":"INFO","logger":"com.eazybytes.jobportal.aspects.LoggingAndPerformanceAspect","message":"Entering method: PathsConfig.securedPaths()"}{"timestamp":"2026-05-27 18:51:26","level":"INFO","logger":"com.eazybytes.jobportal.aspects.LoggingAndPerformanceAspect","message":"Arguments: []"}{"timestamp":"2026-05-27 18:51:26","level":"INFO","logger":"com.eazybytes.jobportal.aspects.LoggingAndPerformanceAspect","message":"Method executed successfully: PathsConfig.securedPaths()"}{"timestamp":"2026-05-27 18:51:26","level":"INFO","logger":"com.eazybytes.jobportal.aspects.LoggingAndPerformanceAspect","message":"Execution time: 0 ms"}{"timestamp":"2026-05-27 18:51:26","level":"INFO","logger":"com.eazybytes.jobportal.aspects.LoggingAndPerformanceAspect","message":"Entering method: JobPortalSecurityConfig.compromisedPasswordChecker()"}{"timestamp":"2026-05-27 18:51:26","level":"INFO","logger":"com.eazybytes.jobportal.aspects.LoggingAndPerformanceAspect","message":"Arguments: []"}{"timestamp":"2026-05-27 18:51:26","level":"INFO","logger":"com.eazybytes.jobportal.aspects.LoggingAndPerformanceAspect","message":"Method executed successfully: JobPortalSecurityConfig.compromisedPasswordChecker()"}{"timestamp":"2026-05-27 18:51:26","level":"INFO","logger":"com.eazybytes.jobportal.aspects.LoggingAndPerformanceAspect","message":"Execution time: 43 ms"}{"timestamp":"2026-05-27 18:51:26","level":"INFO","logger":"org.springframework.data.jpa.repository.query.QueryEnhancerFactories","message":"Hibernate is in classpath; If applicable, HQL parser will be used."}{"timestamp":"2026-05-27 18:51:26","level":"INFO","logger":"com.eazybytes.jobportal.aspects.LoggingAndPerformanceAspect","message":"Entering method: JobPortalSecurityConfig.passwordEncoder()"}{"timestamp":"2026-05-27 18:51:26","level":"INFO","logger":"com.eazybytes.jobportal.aspects.LoggingAndPerformanceAspect","message":"Arguments: []"}{"timestamp":"2026-05-27 18:51:26","level":"INFO","logger":"com.eazybytes.jobportal.aspects.LoggingAndPerformanceAspect","message":"Method executed successfully: JobPortalSecurityConfig.passwordEncoder()"}{"timestamp":"2026-05-27 18:51:26","level":"INFO","logger":"com.eazybytes.jobportal.aspects.LoggingAndPerformanceAspect","message":"Execution time: 0 ms"}{"timestamp":"2026-05-27 18:51:26","level":"INFO","logger":"com.eazybytes.jobportal.aspects.LoggingAndPerformanceAspect","message":"Entering method: JobPortalSecurityConfig.authenticationManager(..)"}{"timestamp":"2026-05-27 18:51:26","level":"INFO","logger":"com.eazybytes.jobportal.aspects.LoggingAndPerformanceAspect","message":"Arguments: [com.eazybytes.jobportal.security.JobPortalUsernamePwdAuthenticationProvider@63420872]"}{"timestamp":"2026-05-27 18:51:26","level":"INFO","logger":"com.eazybytes.jobportal.aspects.LoggingAndPerformanceAspect","message":"Method executed successfully: JobPortalSecurityConfig.authenticationManager(..)"}{"timestamp":"2026-05-27 18:51:26","level":"INFO","logger":"com.eazybytes.jobportal.aspects.LoggingAndPerformanceAspect","message":"Execution time: 2 ms"}{"timestamp":"2026-05-27 18:51:26","level":"WARN","logger":"org.springframework.boot.jpa.autoconfigure.JpaBaseConfiguration$JpaWebConfiguration","message":"spring.jpa.open-in-view is enabled by default. Therefore, database queries may be performed during view rendering. Explicitly configure spring.jpa.open-in-view to disable this warning"}{"timestamp":"2026-05-27 18:51:26","level":"INFO","logger":"org.springframework.security.config.annotation.authentication.configuration.InitializeAuthenticationProviderBeanManagerConfigurer$InitializeAuthenticationProviderManagerConfigurer","message":"Global AuthenticationManager configured with AuthenticationProvider bean with name jobPortalUsernamePwdAuthenticationProvider"}{"timestamp":"2026-05-27 18:51:26","level":"INFO","logger":"com.eazybytes.jobportal.aspects.LoggingAndPerformanceAspect","message":"Entering method: WebConfig.configurePathMatch(..)"}{"timestamp":"2026-05-27 18:51:26","level":"INFO","logger":"com.eazybytes.jobportal.aspects.LoggingAndPerformanceAspect","message":"Arguments: [org.springframework.web.servlet.config.annotation.PathMatchConfigurer@1e65d9eb]"}{"timestamp":"2026-05-27 18:51:26","level":"INFO","logger":"com.eazybytes.jobportal.aspects.LoggingAndPerformanceAspect","message":"Method executed successfully: WebConfig.configurePathMatch(..)"}{"timestamp":"2026-05-27 18:51:26","level":"INFO","logger":"com.eazybytes.jobportal.aspects.LoggingAndPerformanceAspect","message":"Execution time: 0 ms"}{"timestamp":"2026-05-27 18:51:26","level":"INFO","logger":"com.eazybytes.jobportal.aspects.LoggingAndPerformanceAspect","message":"Entering method: JobPortalSecurityConfig.customSecurityFilterChain(..)"}{"timestamp":"2026-05-27 18:51:26","level":"INFO","logger":"com.eazybytes.jobportal.aspects.LoggingAndPerformanceAspect","message":"Arguments: [org.springframework.security.config.annotation.web.builders.HttpSecurity@40134b27]"}{"timestamp":"2026-05-27 18:51:26","level":"INFO","logger":"com.eazybytes.jobportal.aspects.LoggingAndPerformanceAspect","message":"Entering method: JobPortalSecurityConfig.corsConfigurationSource()"}{"timestamp":"2026-05-27 18:51:26","level":"INFO","logger":"com.eazybytes.jobportal.aspects.LoggingAndPerformanceAspect","message":"Arguments: []"}{"timestamp":"2026-05-27 18:51:26","level":"INFO","logger":"com.eazybytes.jobportal.aspects.LoggingAndPerformanceAspect","message":"Method executed successfully: JobPortalSecurityConfig.corsConfigurationSource()"}{"timestamp":"2026-05-27 18:51:26","level":"INFO","logger":"com.eazybytes.jobportal.aspects.LoggingAndPerformanceAspect","message":"Execution time: 1 ms"}{"timestamp":"2026-05-27 18:51:26","level":"INFO","logger":"com.eazybytes.jobportal.aspects.LoggingAndPerformanceAspect","message":"Method executed successfully: JobPortalSecurityConfig.customSecurityFilterChain(..)"}{"timestamp":"2026-05-27 18:51:26","level":"INFO","logger":"com.eazybytes.jobportal.aspects.LoggingAndPerformanceAspect","message":"Execution time: 24 ms"}{"timestamp":"2026-05-27 18:51:26","level":"INFO","logger":"com.eazybytes.jobportal.aspects.LoggingAndPerformanceAspect","message":"Entering method: WebConfig.configureApiVersioning(..)"}{"timestamp":"2026-05-27 18:51:26","level":"INFO","logger":"com.eazybytes.jobportal.aspects.LoggingAndPerformanceAspect","message":"Arguments: [org.springframework.web.servlet.config.annotation.ApiVersionConfigurer@37bf89f2]"}{"timestamp":"2026-05-27 18:51:26","level":"INFO","logger":"com.eazybytes.jobportal.aspects.LoggingAndPerformanceAspect","message":"Method executed successfully: WebConfig.configureApiVersioning(..)"}{"timestamp":"2026-05-27 18:51:26","level":"INFO","logger":"com.eazybytes.jobportal.aspects.LoggingAndPerformanceAspect","message":"Execution time: 1 ms"}{"timestamp":"2026-05-27 18:51:26","level":"INFO","logger":"org.apache.coyote.http11.Http11NioProtocol","message":"Starting ProtocolHandler ["http-nio-8080"]"}{"timestamp":"2026-05-27 18:51:26","level":"INFO","logger":"org.springframework.boot.tomcat.TomcatWebServer","message":"Tomcat started on port 8080 (http) with context path '/'"}{"timestamp":"2026-05-27 18:51:26","level":"INFO","logger":"com.eazybytes.jobportal.JobportalApplication","message":"Started JobportalApplication in 2.779 seconds (process running for 3.192)"}{"timestamp":"2026-05-27 18:51:26","level":"INFO","logger":"com.eazybytes.jobportal.aspects.LoggingAndPerformanceAspect","message":"Entering method: RoleDataInitializer.run(..)"}{"timestamp":"2026-05-27 18:51:26","level":"INFO","logger":"com.eazybytes.jobportal.aspects.LoggingAndPerformanceAspect","message":"Arguments: [[Ljava.lang.String;@7b09d6b2]"}{"timestamp":"2026-05-27 18:51:26","level":"INFO","logger":"com.eazybytes.jobportal.aspects.LoggingAndPerformanceAspect","message":"Entering method: RoleRepository.findRoleByName(..)"}{"timestamp":"2026-05-27 18:51:26","level":"INFO","logger":"com.eazybytes.jobportal.aspects.LoggingAndPerformanceAspect","message":"Arguments: [ROLE_JOB_SEEKER]"}{"timestamp":"2026-05-27 18:51:27","level":"INFO","logger":"com.eazybytes.jobportal.aspects.LoggingAndPerformanceAspect","message":"Method executed successfully: RoleRepository.findRoleByName(..)"}{"timestamp":"2026-05-27 18:51:27","level":"INFO","logger":"com.eazybytes.jobportal.aspects.LoggingAndPerformanceAspect","message":"Execution time: 158 ms"}{"timestamp":"2026-05-27 18:51:27","level":"INFO","logger":"com.eazybytes.jobportal.aspects.LoggingAndPerformanceAspect","message":"Entering method: RoleRepository.findRoleByName(..)"}{"timestamp":"2026-05-27 18:51:27","level":"INFO","logger":"com.eazybytes.jobportal.aspects.LoggingAndPerformanceAspect","message":"Arguments: [ROLE_EMPLOYER]"}{"timestamp":"2026-05-27 18:51:27","level":"INFO","logger":"com.eazybytes.jobportal.aspects.LoggingAndPerformanceAspect","message":"Method executed successfully: RoleRepository.findRoleByName(..)"}{"timestamp":"2026-05-27 18:51:27","level":"INFO","logger":"com.eazybytes.jobportal.aspects.LoggingAndPerformanceAspect","message":"Execution time: 6 ms"}{"timestamp":"2026-05-27 18:51:27","level":"INFO","logger":"com.eazybytes.jobportal.aspects.LoggingAndPerformanceAspect","message":"Entering method: RoleRepository.findRoleByName(..)"}{"timestamp":"2026-05-27 18:51:27","level":"INFO","logger":"com.eazybytes.jobportal.aspects.LoggingAndPerformanceAspect","message":"Arguments: [ROLE_ADMIN]"}{"timestamp":"2026-05-27 18:51:27","level":"INFO","logger":"com.eazybytes.jobportal.aspects.LoggingAndPerformanceAspect","message":"Method executed successfully: RoleRepository.findRoleByName(..)"}{"timestamp":"2026-05-27 18:51:27","level":"INFO","logger":"com.eazybytes.jobportal.aspects.LoggingAndPerformanceAspect","message":"Execution time: 1 ms"}{"timestamp":"2026-05-27 18:51:27","level":"INFO","logger":"com.eazybytes.jobportal.aspects.LoggingAndPerformanceAspect","message":"Method executed successfully: RoleDataInitializer.run(..)"}{"timestamp":"2026-05-27 18:51:27","level":"INFO","logger":"com.eazybytes.jobportal.aspects.LoggingAndPerformanceAspect","message":"Execution time: 167 ms"}{"timestamp":"2026-05-27 18:51:27","level":"WARN","logger":"org.springdoc.core.events.SpringDocAppInitializer","message":"SpringDoc /v3/api-docs endpoint is enabled by default. To disable it in production, set the property 'springdoc.api-docs.enabled=false'"}{"timestamp":"2026-05-27 18:51:27","level":"WARN","logger":"org.springdoc.core.events.SpringDocAppInitializer","message":"SpringDoc /swagger-ui.html endpoint is enabled by default. To disable it in production, set the property 'springdoc.swagger-ui.enabled=false'"}{"timestamp":"2026-05-27 18:51:35","level":"INFO","logger":"org.apache.catalina.core.ContainerBase.[Tomcat].[localhost].[/]","message":"Initializing Spring DispatcherServlet 'dispatcherServlet'"}{"timestamp":"2026-05-27 18:51:35","level":"INFO","logger":"org.springframework.web.servlet.DispatcherServlet","message":"Initializing Servlet 'dispatcherServlet'"}{"timestamp":"2026-05-27 18:51:35","level":"INFO","logger":"org.springframework.web.servlet.DispatcherServlet","message":"Completed initialization in 3 ms"}{"timestamp":"2026-05-27 18:51:35","level":"INFO","logger":"com.eazybytes.jobportal.aspects.LoggingAndPerformanceAspect","message":"Entering method: AuthController.apiLogin(..)"}{"timestamp":"2026-05-27 18:51:35","level":"INFO","logger":"com.eazybytes.jobportal.aspects.LoggingAndPerformanceAspect","message":"Arguments: [LoginRequestDto[username=aman@gmail.com, password=AmanBhagat@1234]]"}{"timestamp":"2026-05-27 18:51:35","level":"INFO","logger":"com.eazybytes.jobportal.aspects.LoggingAndPerformanceAspect","message":"Entering method: JobPortalUsernamePwdAuthenticationProvider.supports(..)"}{"timestamp":"2026-05-27 18:51:35","level":"INFO","logger":"com.eazybytes.jobportal.aspects.LoggingAndPerformanceAspect","message":"Arguments: [class org.springframework.security.authentication.UsernamePasswordAuthenticationToken]"}{"timestamp":"2026-05-27 18:51:35","level":"INFO","logger":"com.eazybytes.jobportal.aspects.LoggingAndPerformanceAspect","message":"Method executed successfully: JobPortalUsernamePwdAuthenticationProvider.supports(..)"}{"timestamp":"2026-05-27 18:51:35","level":"INFO","logger":"com.eazybytes.jobportal.aspects.LoggingAndPerformanceAspect","message":"Execution time: 0 ms"}{"timestamp":"2026-05-27 18:51:35","level":"INFO","logger":"com.eazybytes.jobportal.aspects.LoggingAndPerformanceAspect","message":"Entering method: JobPortalUsernamePwdAuthenticationProvider.authenticate(..)"}{"timestamp":"2026-05-27 18:51:35","level":"INFO","logger":"com.eazybytes.jobportal.aspects.LoggingAndPerformanceAspect","message":"Arguments: [UsernamePasswordAuthenticationToken [Principal=aman@gmail.com, Credentials=[PROTECTED], Authenticated=false, Details=null, Granted Authorities=[]]]"}{"timestamp":"2026-05-27 18:51:35","level":"INFO","logger":"com.eazybytes.jobportal.aspects.LoggingAndPerformanceAspect","message":"Entering method: JobPortalUserRepository.findJobPortalUserByEmail(..)"}{"timestamp":"2026-05-27 18:51:35","level":"INFO","logger":"com.eazybytes.jobportal.aspects.LoggingAndPerformanceAspect","message":"Arguments: [aman@gmail.com]"}{"timestamp":"2026-05-27 18:51:35","level":"INFO","logger":"com.eazybytes.jobportal.aspects.LoggingAndPerformanceAspect","message":"Method executed successfully: JobPortalUserRepository.findJobPortalUserByEmail(..)"}{"timestamp":"2026-05-27 18:51:35","level":"INFO","logger":"com.eazybytes.jobportal.aspects.LoggingAndPerformanceAspect","message":"Execution time: 28 ms"}{"timestamp":"2026-05-27 18:51:35","level":"INFO","logger":"com.eazybytes.jobportal.aspects.LoggingAndPerformanceAspect","message":"Method executed successfully: JobPortalUsernamePwdAuthenticationProvider.authenticate(..)"}{"timestamp":"2026-05-27 18:51:35","level":"INFO","logger":"com.eazybytes.jobportal.aspects.LoggingAndPerformanceAspect","message":"Execution time: 102 ms"}{"timestamp":"2026-05-27 18:51:35","level":"INFO","logger":"com.eazybytes.jobportal.aspects.LoggingAndPerformanceAspect","message":"Entering method: JwtUtil.generateJwtToken(..)"}{"timestamp":"2026-05-27 18:51:35","level":"INFO","logger":"com.eazybytes.jobportal.aspects.LoggingAndPerformanceAspect","message":"Arguments: [UsernamePasswordAuthenticationToken [Principal=com.eazybytes.jobportal.entity.JobPortalUser@2352daf, Credentials=[PROTECTED], Authenticated=true, Details=null, Granted Authorities=[ROLE_JOB_SEEKER]]]"}{"timestamp":"2026-05-27 18:51:35","level":"INFO","logger":"com.eazybytes.jobportal.aspects.LoggingAndPerformanceAspect","message":"Method executed successfully: JwtUtil.generateJwtToken(..)"}{"timestamp":"2026-05-27 18:51:35","level":"INFO","logger":"com.eazybytes.jobportal.aspects.LoggingAndPerformanceAspect","message":"Execution time: 36 ms"}{"timestamp":"2026-05-27 18:51:35","level":"INFO","logger":"com.eazybytes.jobportal.aspects.LoginSuccessAuditAspect","message":"LOGIN SUCCESS | User: aman@gmail.com | Role: ROLE_JOB_SEEKER"}{"timestamp":"2026-05-27 18:51:35","level":"INFO","logger":"com.eazybytes.jobportal.aspects.LoggingAndPerformanceAspect","message":"Method executed successfully: AuthController.apiLogin(..)"}{"timestamp":"2026-05-27 18:51:35","level":"INFO","logger":"com.eazybytes.jobportal.aspects.LoggingAndPerformanceAspect","message":"Execution time: 144 ms"}{"timestamp":"2026-05-27 18:51:37","level":"INFO","logger":"com.eazybytes.jobportal.aspects.LoggingAndPerformanceAspect","message":"Entering method: AuthController.apiLogin(..)"}{"timestamp":"2026-05-27 18:51:37","level":"INFO","logger":"com.eazybytes.jobportal.aspects.LoggingAndPerformanceAspect","message":"Arguments: [LoginRequestDto[username=aman@gmail.com, password=AmanBhagat@1234]]"}{"timestamp":"2026-05-27 18:51:37","level":"INFO","logger":"com.eazybytes.jobportal.aspects.LoggingAndPerformanceAspect","message":"Entering method: JobPortalUsernamePwdAuthenticationProvider.supports(..)"}{"timestamp":"2026-05-27 18:51:37","level":"INFO","logger":"com.eazybytes.jobportal.aspects.LoggingAndPerformanceAspect","message":"Arguments: [class org.springframework.security.authentication.UsernamePasswordAuthenticationToken]"}{"timestamp":"2026-05-27 18:51:37","level":"INFO","logger":"com.eazybytes.jobportal.aspects.LoggingAndPerformanceAspect","message":"Method executed successfully: JobPortalUsernamePwdAuthenticationProvider.supports(..)"}{"timestamp":"2026-05-27 18:51:37","level":"INFO","logger":"com.eazybytes.jobportal.aspects.LoggingAndPerformanceAspect","message":"Execution time: 0 ms"}{"timestamp":"2026-05-27 18:51:37","level":"INFO","logger":"com.eazybytes.jobportal.aspects.LoggingAndPerformanceAspect","message":"Entering method: JobPortalUsernamePwdAuthenticationProvider.authenticate(..)"}{"timestamp":"2026-05-27 18:51:37","level":"INFO","logger":"com.eazybytes.jobportal.aspects.LoggingAndPerformanceAspect","message":"Arguments: [UsernamePasswordAuthenticationToken [Principal=aman@gmail.com, Credentials=[PROTECTED], Authenticated=false, Details=null, Granted Authorities=[]]]"}{"timestamp":"2026-05-27 18:51:37","level":"INFO","logger":"com.eazybytes.jobportal.aspects.LoggingAndPerformanceAspect","message":"Entering method: JobPortalUserRepository.findJobPortalUserByEmail(..)"}{"timestamp":"2026-05-27 18:51:37","level":"INFO","logger":"com.eazybytes.jobportal.aspects.LoggingAndPerformanceAspect","message":"Arguments: [aman@gmail.com]"}{"timestamp":"2026-05-27 18:51:37","level":"INFO","logger":"com.eazybytes.jobportal.aspects.LoggingAndPerformanceAspect","message":"Method executed successfully: JobPortalUserRepository.findJobPortalUserByEmail(..)"}{"timestamp":"2026-05-27 18:51:37","level":"INFO","logger":"com.eazybytes.jobportal.aspects.LoggingAndPerformanceAspect","message":"Execution time: 12 ms"}{"timestamp":"2026-05-27 18:51:37","level":"INFO","logger":"com.eazybytes.jobportal.aspects.LoggingAndPerformanceAspect","message":"Method executed successfully: JobPortalUsernamePwdAuthenticationProvider.authenticate(..)"}{"timestamp":"2026-05-27 18:51:37","level":"INFO","logger":"com.eazybytes.jobportal.aspects.LoggingAndPerformanceAspect","message":"Execution time: 86 ms"}{"timestamp":"2026-05-27 18:51:37","level":"INFO","logger":"com.eazybytes.jobportal.aspects.LoggingAndPerformanceAspect","message":"Entering method: JwtUtil.generateJwtToken(..)"}{"timestamp":"2026-05-27 18:51:37","level":"INFO","logger":"com.eazybytes.jobportal.aspects.LoggingAndPerformanceAspect","message":"Arguments: [UsernamePasswordAuthenticationToken [Principal=com.eazybytes.jobportal.entity.JobPortalUser@606a6315, Credentials=[PROTECTED], Authenticated=true, Details=null, Granted Authorities=[ROLE_JOB_SEEKER]]]"}{"timestamp":"2026-05-27 18:51:37","level":"INFO","logger":"com.eazybytes.jobportal.aspects.LoggingAndPerformanceAspect","message":"Method executed successfully: JwtUtil.generateJwtToken(..)"}{"timestamp":"2026-05-27 18:51:37","level":"INFO","logger":"com.eazybytes.jobportal.aspects.LoggingAndPerformanceAspect","message":"Execution time: 1 ms"}{"timestamp":"2026-05-27 18:51:37","level":"INFO","logger":"com.eazybytes.jobportal.aspects.LoginSuccessAuditAspect","message":"LOGIN SUCCESS | User: aman@gmail.com | Role: ROLE_JOB_SEEKER"}{"timestamp":"2026-05-27 18:51:37","level":"INFO","logger":"com.eazybytes.jobportal.aspects.LoggingAndPerformanceAspect","message":"Method executed successfully: AuthController.apiLogin(..)"}{"timestamp":"2026-05-27 18:51:37","level":"INFO","logger":"com.eazybytes.jobportal.aspects.LoggingAndPerformanceAspect","message":"Execution time: 88 ms"}{"timestamp":"2026-05-27 18:51:38","level":"INFO","logger":"com.eazybytes.jobportal.aspects.LoggingAndPerformanceAspect","message":"Entering method: AuthController.apiLogin(..)"}{"timestamp":"2026-05-27 18:51:38","level":"INFO","logger":"com.eazybytes.jobportal.aspects.LoggingAndPerformanceAspect","message":"Arguments: [LoginRequestDto[username=aman@gmail.com, password=AmanBhagat@1234]]"}{"timestamp":"2026-05-27 18:51:38","level":"INFO","logger":"com.eazybytes.jobportal.aspects.LoggingAndPerformanceAspect","message":"Entering method: JobPortalUsernamePwdAuthenticationProvider.supports(..)"}{"timestamp":"2026-05-27 18:51:38","level":"INFO","logger":"com.eazybytes.jobportal.aspects.LoggingAndPerformanceAspect","message":"Arguments: [class org.springframework.security.authentication.UsernamePasswordAuthenticationToken]"}{"timestamp":"2026-05-27 18:51:38","level":"INFO","logger":"com.eazybytes.jobportal.aspects.LoggingAndPerformanceAspect","message":"Method executed successfully: JobPortalUsernamePwdAuthenticationProvider.supports(..)"}{"timestamp":"2026-05-27 18:51:38","level":"INFO","logger":"com.eazybytes.jobportal.aspects.LoggingAndPerformanceAspect","message":"Execution time: 0 ms"}{"timestamp":"2026-05-27 18:51:38","level":"INFO","logger":"com.eazybytes.jobportal.aspects.LoggingAndPerformanceAspect","message":"Entering method: JobPortalUsernamePwdAuthenticationProvider.authenticate(..)"}{"timestamp":"2026-05-27 18:51:38","level":"INFO","logger":"com.eazybytes.jobportal.aspects.LoggingAndPerformanceAspect","message":"Arguments: [UsernamePasswordAuthenticationToken [Principal=aman@gmail.com, Credentials=[PROTECTED], Authenticated=false, Details=null, Granted Authorities=[]]]"}{"timestamp":"2026-05-27 18:51:38","level":"INFO","logger":"com.eazybytes.jobportal.aspects.LoggingAndPerformanceAspect","message":"Entering method: JobPortalUserRepository.findJobPortalUserByEmail(..)"}{"timestamp":"2026-05-27 18:51:38","level":"INFO","logger":"com.eazybytes.jobportal.aspects.LoggingAndPerformanceAspect","message":"Arguments: [aman@gmail.com]"}{"timestamp":"2026-05-27 18:51:38","level":"INFO","logger":"com.eazybytes.jobportal.aspects.LoggingAndPerformanceAspect","message":"Method executed successfully: JobPortalUserRepository.findJobPortalUserByEmail(..)"}{"timestamp":"2026-05-27 18:51:38","level":"INFO","logger":"com.eazybytes.jobportal.aspects.LoggingAndPerformanceAspect","message":"Execution time: 7 ms"}{"timestamp":"2026-05-27 18:51:38","level":"INFO","logger":"com.eazybytes.jobportal.aspects.LoggingAndPerformanceAspect","message":"Method executed successfully: JobPortalUsernamePwdAuthenticationProvider.authenticate(..)"}{"timestamp":"2026-05-27 18:51:38","level":"INFO","logger":"com.eazybytes.jobportal.aspects.LoggingAndPerformanceAspect","message":"Execution time: 85 ms"}{"timestamp":"2026-05-27 18:51:38","level":"INFO","logger":"com.eazybytes.jobportal.aspects.LoggingAndPerformanceAspect","message":"Entering method: JwtUtil.generateJwtToken(..)"}{"timestamp":"2026-05-27 18:51:38","level":"INFO","logger":"com.eazybytes.jobportal.aspects.LoggingAndPerformanceAspect","message":"Arguments: [UsernamePasswordAuthenticationToken [Principal=com.eazybytes.jobportal.entity.JobPortalUser@42b70729, Credentials=[PROTECTED], Authenticated=true, Details=null, Granted Authorities=[ROLE_JOB_SEEKER]]]"}{"timestamp":"2026-05-27 18:51:38","level":"INFO","logger":"com.eazybytes.jobportal.aspects.LoggingAndPerformanceAspect","message":"Method executed successfully: JwtUtil.generateJwtToken(..)"}{"timestamp":"2026-05-27 18:51:38","level":"INFO","logger":"com.eazybytes.jobportal.aspects.LoggingAndPerformanceAspect","message":"Execution time: 0 ms"}{"timestamp":"2026-05-27 18:51:38","level":"INFO","logger":"com.eazybytes.jobportal.aspects.LoginSuccessAuditAspect","message":"LOGIN SUCCESS | User: aman@gmail.com | Role: ROLE_JOB_SEEKER"}{"timestamp":"2026-05-27 18:51:38","level":"INFO","logger":"com.eazybytes.jobportal.aspects.LoggingAndPerformanceAspect","message":"Method executed successfully: AuthController.apiLogin(..)"}{"timestamp":"2026-05-27 18:51:38","level":"INFO","logger":"com.eazybytes.jobportal.aspects.LoggingAndPerformanceAspect","message":"Execution time: 87 ms"}{"timestamp":"2026-05-27 18:51:38","level":"INFO","logger":"com.eazybytes.jobportal.aspects.LoggingAndPerformanceAspect","message":"Entering method: AuthController.apiLogin(..)"}{"timestamp":"2026-05-27 18:51:38","level":"INFO","logger":"com.eazybytes.jobportal.aspects.LoggingAndPerformanceAspect","message":"Arguments: [LoginRequestDto[username=aman@gmail.com, password=AmanBhagat@1234]]"}{"timestamp":"2026-05-27 18:51:38","level":"INFO","logger":"com.eazybytes.jobportal.aspects.LoggingAndPerformanceAspect","message":"Entering method: JobPortalUsernamePwdAuthenticationProvider.supports(..)"}{"timestamp":"2026-05-27 18:51:38","level":"INFO","logger":"com.eazybytes.jobportal.aspects.LoggingAndPerformanceAspect","message":"Arguments: [class org.springframework.security.authentication.UsernamePasswordAuthenticationToken]"}{"timestamp":"2026-05-27 18:51:38","level":"INFO","logger":"com.eazybytes.jobportal.aspects.LoggingAndPerformanceAspect","message":"Method executed successfully: JobPortalUsernamePwdAuthenticationProvider.supports(..)"}{"timestamp":"2026-05-27 18:51:38","level":"INFO","logger":"com.eazybytes.jobportal.aspects.LoggingAndPerformanceAspect","message":"Execution time: 0 ms"}{"timestamp":"2026-05-27 18:51:38","level":"INFO","logger":"com.eazybytes.jobportal.aspects.LoggingAndPerformanceAspect","message":"Entering method: JobPortalUsernamePwdAuthenticationProvider.authenticate(..)"}{"timestamp":"2026-05-27 18:51:38","level":"INFO","logger":"com.eazybytes.jobportal.aspects.LoggingAndPerformanceAspect","message":"Arguments: [UsernamePasswordAuthenticationToken [Principal=aman@gmail.com, Credentials=[PROTECTED], Authenticated=false, Details=null, Granted Authorities=[]]]"}{"timestamp":"2026-05-27 18:51:38","level":"INFO","logger":"com.eazybytes.jobportal.aspects.LoggingAndPerformanceAspect","message":"Entering method: JobPortalUserRepository.findJobPortalUserByEmail(..)"}{"timestamp":"2026-05-27 18:51:38","level":"INFO","logger":"com.eazybytes.jobportal.aspects.LoggingAndPerformanceAspect","message":"Arguments: [aman@gmail.com]"}{"timestamp":"2026-05-27 18:51:38","level":"INFO","logger":"com.eazybytes.jobportal.aspects.LoggingAndPerformanceAspect","message":"Method executed successfully: JobPortalUserRepository.findJobPortalUserByEmail(..)"}{"timestamp":"2026-05-27 18:51:38","level":"INFO","logger":"com.eazybytes.jobportal.aspects.LoggingAndPerformanceAspect","message":"Execution time: 8 ms"}{"timestamp":"2026-05-27 18:51:39","level":"INFO","logger":"com.eazybytes.jobportal.aspects.LoggingAndPerformanceAspect","message":"Method executed successfully: JobPortalUsernamePwdAuthenticationProvider.authenticate(..)"}{"timestamp":"2026-05-27 18:51:39","level":"INFO","logger":"com.eazybytes.jobportal.aspects.LoggingAndPerformanceAspect","message":"Execution time: 84 ms"}{"timestamp":"2026-05-27 18:51:39","level":"INFO","logger":"com.eazybytes.jobportal.aspects.LoggingAndPerformanceAspect","message":"Entering method: JwtUtil.generateJwtToken(..)"}{"timestamp":"2026-05-27 18:51:39","level":"INFO","logger":"com.eazybytes.jobportal.aspects.LoggingAndPerformanceAspect","message":"Arguments: [UsernamePasswordAuthenticationToken [Principal=com.eazybytes.jobportal.entity.JobPortalUser@138eb548, Credentials=[PROTECTED], Authenticated=true, Details=null, Granted Authorities=[ROLE_JOB_SEEKER]]]"}{"timestamp":"2026-05-27 18:51:39","level":"INFO","logger":"com.eazybytes.jobportal.aspects.LoggingAndPerformanceAspect","message":"Method executed successfully: JwtUtil.generateJwtToken(..)"}{"timestamp":"2026-05-27 18:51:39","level":"INFO","logger":"com.eazybytes.jobportal.aspects.LoggingAndPerformanceAspect","message":"Execution time: 0 ms"}{"timestamp":"2026-05-27 18:51:39","level":"INFO","logger":"com.eazybytes.jobportal.aspects.LoginSuccessAuditAspect","message":"LOGIN SUCCESS | User: aman@gmail.com | Role: ROLE_JOB_SEEKER"}{"timestamp":"2026-05-27 18:51:39","level":"INFO","logger":"com.eazybytes.jobportal.aspects.LoggingAndPerformanceAspect","message":"Method executed successfully: AuthController.apiLogin(..)"}{"timestamp":"2026-05-27 18:51:39","level":"INFO","logger":"com.eazybytes.jobportal.aspects.LoggingAndPerformanceAspect","message":"Execution time: 85 ms"}{"timestamp":"2026-05-27 18:51:39","level":"INFO","logger":"com.eazybytes.jobportal.aspects.LoggingAndPerformanceAspect","message":"Entering method: AuthController.apiLogin(..)"}{"timestamp":"2026-05-27 18:51:39","level":"INFO","logger":"com.eazybytes.jobportal.aspects.LoggingAndPerformanceAspect","message":"Arguments: [LoginRequestDto[username=aman@gmail.com, password=AmanBhagat@1234]]"}{"timestamp":"2026-05-27 18:51:39","level":"INFO","logger":"com.eazybytes.jobportal.aspects.LoggingAndPerformanceAspect","message":"Entering method: JobPortalUsernamePwdAuthenticationProvider.supports(..)"}{"timestamp":"2026-05-27 18:51:39","level":"INFO","logger":"com.eazybytes.jobportal.aspects.LoggingAndPerformanceAspect","message":"Arguments: [class org.springframework.security.authentication.UsernamePasswordAuthenticationToken]"}{"timestamp":"2026-05-27 18:51:39","level":"INFO","logger":"com.eazybytes.jobportal.aspects.LoggingAndPerformanceAspect","message":"Method executed successfully: JobPortalUsernamePwdAuthenticationProvider.supports(..)"}{"timestamp":"2026-05-27 18:51:39","level":"INFO","logger":"com.eazybytes.jobportal.aspects.LoggingAndPerformanceAspect","message":"Execution time: 0 ms"}{"timestamp":"2026-05-27 18:51:39","level":"INFO","logger":"com.eazybytes.jobportal.aspects.LoggingAndPerformanceAspect","message":"Entering method: JobPortalUsernamePwdAuthenticationProvider.authenticate(..)"}{"timestamp":"2026-05-27 18:51:39","level":"INFO","logger":"com.eazybytes.jobportal.aspects.LoggingAndPerformanceAspect","message":"Arguments: [UsernamePasswordAuthenticationToken [Principal=aman@gmail.com, Credentials=[PROTECTED], Authenticated=false, Details=null, Granted Authorities=[]]]"}{"timestamp":"2026-05-27 18:51:39","level":"INFO","logger":"com.eazybytes.jobportal.aspects.LoggingAndPerformanceAspect","message":"Entering method: JobPortalUserRepository.findJobPortalUserByEmail(..)"}{"timestamp":"2026-05-27 18:51:39","level":"INFO","logger":"com.eazybytes.jobportal.aspects.LoggingAndPerformanceAspect","message":"Arguments: [aman@gmail.com]"}{"timestamp":"2026-05-27 18:51:39","level":"INFO","logger":"com.eazybytes.jobportal.aspects.LoggingAndPerformanceAspect","message":"Method executed successfully: JobPortalUserRepository.findJobPortalUserByEmail(..)"}{"timestamp":"2026-05-27 18:51:39","level":"INFO","logger":"com.eazybytes.jobportal.aspects.LoggingAndPerformanceAspect","message":"Execution time: 9 ms"}{"timestamp":"2026-05-27 18:51:39","level":"INFO","logger":"com.eazybytes.jobportal.aspects.LoggingAndPerformanceAspect","message":"Method executed successfully: JobPortalUsernamePwdAuthenticationProvider.authenticate(..)"}{"timestamp":"2026-05-27 18:51:39","level":"INFO","logger":"com.eazybytes.jobportal.aspects.LoggingAndPerformanceAspect","message":"Execution time: 86 ms"}{"timestamp":"2026-05-27 18:51:39","level":"INFO","logger":"com.eazybytes.jobportal.aspects.LoggingAndPerformanceAspect","message":"Entering method: JwtUtil.generateJwtToken(..)"}{"timestamp":"2026-05-27 18:51:39","level":"INFO","logger":"com.eazybytes.jobportal.aspects.LoggingAndPerformanceAspect","message":"Arguments: [UsernamePasswordAuthenticationToken [Principal=com.eazybytes.jobportal.entity.JobPortalUser@644c709d, Credentials=[PROTECTED], Authenticated=true, Details=null, Granted Authorities=[ROLE_JOB_SEEKER]]]"}{"timestamp":"2026-05-27 18:51:39","level":"INFO","logger":"com.eazybytes.jobportal.aspects.LoggingAndPerformanceAspect","message":"Method executed successfully: JwtUtil.generateJwtToken(..)"}{"timestamp":"2026-05-27 18:51:39","level":"INFO","logger":"com.eazybytes.jobportal.aspects.LoggingAndPerformanceAspect","message":"Execution time: 1 ms"}{"timestamp":"2026-05-27 18:51:39","level":"INFO","logger":"com.eazybytes.jobportal.aspects.LoginSuccessAuditAspect","message":"LOGIN SUCCESS | User: aman@gmail.com | Role: ROLE_JOB_SEEKER"}{"timestamp":"2026-05-27 18:51:39","level":"INFO","logger":"com.eazybytes.jobportal.aspects.LoggingAndPerformanceAspect","message":"Method executed successfully: AuthController.apiLogin(..)"}{"timestamp":"2026-05-27 18:51:39","level":"INFO","logger":"com.eazybytes.jobportal.aspects.LoggingAndPerformanceAspect","message":"Execution time: 87 ms"}{"timestamp":"2026-05-27 18:51:40","level":"INFO","logger":"com.eazybytes.jobportal.aspects.LoggingAndPerformanceAspect","message":"Entering method: AuthController.apiLogin(..)"}{"timestamp":"2026-05-27 18:51:40","level":"INFO","logger":"com.eazybytes.jobportal.aspects.LoggingAndPerformanceAspect","message":"Arguments: [LoginRequestDto[username=aman@gmail.com, password=AmanBhagat@1234]]"}{"timestamp":"2026-05-27 18:51:40","level":"INFO","logger":"com.eazybytes.jobportal.aspects.LoggingAndPerformanceAspect","message":"Entering method: JobPortalUsernamePwdAuthenticationProvider.supports(..)"}{"timestamp":"2026-05-27 18:51:40","level":"INFO","logger":"com.eazybytes.jobportal.aspects.LoggingAndPerformanceAspect","message":"Arguments: [class org.springframework.security.authentication.UsernamePasswordAuthenticationToken]"}{"timestamp":"2026-05-27 18:51:40","level":"INFO","logger":"com.eazybytes.jobportal.aspects.LoggingAndPerformanceAspect","message":"Method executed successfully: JobPortalUsernamePwdAuthenticationProvider.supports(..)"}{"timestamp":"2026-05-27 18:51:40","level":"INFO","logger":"com.eazybytes.jobportal.aspects.LoggingAndPerformanceAspect","message":"Execution time: 0 ms"}{"timestamp":"2026-05-27 18:51:40","level":"INFO","logger":"com.eazybytes.jobportal.aspects.LoggingAndPerformanceAspect","message":"Entering method: JobPortalUsernamePwdAuthenticationProvider.authenticate(..)"}{"timestamp":"2026-05-27 18:51:40","level":"INFO","logger":"com.eazybytes.jobportal.aspects.LoggingAndPerformanceAspect","message":"Arguments: [UsernamePasswordAuthenticationToken [Principal=aman@gmail.com, Credentials=[PROTECTED], Authenticated=false, Details=null, Granted Authorities=[]]]"}{"timestamp":"2026-05-27 18:51:40","level":"INFO","logger":"com.eazybytes.jobportal.aspects.LoggingAndPerformanceAspect","message":"Entering method: JobPortalUserRepository.findJobPortalUserByEmail(..)"}{"timestamp":"2026-05-27 18:51:40","level":"INFO","logger":"com.eazybytes.jobportal.aspects.LoggingAndPerformanceAspect","message":"Arguments: [aman@gmail.com]"}{"timestamp":"2026-05-27 18:51:40","level":"INFO","logger":"com.eazybytes.jobportal.aspects.LoggingAndPerformanceAspect","message":"Method executed successfully: JobPortalUserRepository.findJobPortalUserByEmail(..)"}{"timestamp":"2026-05-27 18:51:40","level":"INFO","logger":"com.eazybytes.jobportal.aspects.LoggingAndPerformanceAspect","message":"Execution time: 6 ms"}{"timestamp":"2026-05-27 18:51:40","level":"INFO","logger":"com.eazybytes.jobportal.aspects.LoggingAndPerformanceAspect","message":"Method executed successfully: JobPortalUsernamePwdAuthenticationProvider.authenticate(..)"}{"timestamp":"2026-05-27 18:51:40","level":"INFO","logger":"com.eazybytes.jobportal.aspects.LoggingAndPerformanceAspect","message":"Execution time: 81 ms"}{"timestamp":"2026-05-27 18:51:40","level":"INFO","logger":"com.eazybytes.jobportal.aspects.LoggingAndPerformanceAspect","message":"Entering method: JwtUtil.generateJwtToken(..)"}{"timestamp":"2026-05-27 18:51:40","level":"INFO","logger":"com.eazybytes.jobportal.aspects.LoggingAndPerformanceAspect","message":"Arguments: [UsernamePasswordAuthenticationToken [Principal=com.eazybytes.jobportal.entity.JobPortalUser@25a69025, Credentials=[PROTECTED], Authenticated=true, Details=null, Granted Authorities=[ROLE_JOB_SEEKER]]]"}{"timestamp":"2026-05-27 18:51:40","level":"INFO","logger":"com.eazybytes.jobportal.aspects.LoggingAndPerformanceAspect","message":"Method executed successfully: JwtUtil.generateJwtToken(..)"}{"timestamp":"2026-05-27 18:51:40","level":"INFO","logger":"com.eazybytes.jobportal.aspects.LoggingAndPerformanceAspect","message":"Execution time: 0 ms"}{"timestamp":"2026-05-27 18:51:40","level":"INFO","logger":"com.eazybytes.jobportal.aspects.LoginSuccessAuditAspect","message":"LOGIN SUCCESS | User: aman@gmail.com | Role: ROLE_JOB_SEEKER"}{"timestamp":"2026-05-27 18:51:40","level":"INFO","logger":"com.eazybytes.jobportal.aspects.LoggingAndPerformanceAspect","message":"Method executed successfully: AuthController.apiLogin(..)"}{"timestamp":"2026-05-27 18:51:40","level":"INFO","logger":"com.eazybytes.jobportal.aspects.LoggingAndPerformanceAspect","message":"Execution time: 83 ms"}{"timestamp":"2026-05-27 18:51:40","level":"INFO","logger":"com.eazybytes.jobportal.aspects.LoggingAndPerformanceAspect","message":"Entering method: AuthController.apiLogin(..)"}{"timestamp":"2026-05-27 18:51:40","level":"INFO","logger":"com.eazybytes.jobportal.aspects.LoggingAndPerformanceAspect","message":"Arguments: [LoginRequestDto[username=aman@gmail.com, password=AmanBhagat@1234]]"}{"timestamp":"2026-05-27 18:51:40","level":"INFO","logger":"com.eazybytes.jobportal.aspects.LoggingAndPerformanceAspect","message":"Entering method: JobPortalUsernamePwdAuthenticationProvider.supports(..)"}{"timestamp":"2026-05-27 18:51:40","level":"INFO","logger":"com.eazybytes.jobportal.aspects.LoggingAndPerformanceAspect","message":"Arguments: [class org.springframework.security.authentication.UsernamePasswordAuthenticationToken]"}{"timestamp":"2026-05-27 18:51:40","level":"INFO","logger":"com.eazybytes.jobportal.aspects.LoggingAndPerformanceAspect","message":"Method executed successfully: JobPortalUsernamePwdAuthenticationProvider.supports(..)"}{"timestamp":"2026-05-27 18:51:40","level":"INFO","logger":"com.eazybytes.jobportal.aspects.LoggingAndPerformanceAspect","message":"Execution time: 1 ms"}{"timestamp":"2026-05-27 18:51:40","level":"INFO","logger":"com.eazybytes.jobportal.aspects.LoggingAndPerformanceAspect","message":"Entering method: JobPortalUsernamePwdAuthenticationProvider.authenticate(..)"}{"timestamp":"2026-05-27 18:51:40","level":"INFO","logger":"com.eazybytes.jobportal.aspects.LoggingAndPerformanceAspect","message":"Arguments: [UsernamePasswordAuthenticationToken [Principal=aman@gmail.com, Credentials=[PROTECTED], Authenticated=false, Details=null, Granted Authorities=[]]]"}{"timestamp":"2026-05-27 18:51:40","level":"INFO","logger":"com.eazybytes.jobportal.aspects.LoggingAndPerformanceAspect","message":"Entering method: JobPortalUserRepository.findJobPortalUserByEmail(..)"}{"timestamp":"2026-05-27 18:51:40","level":"INFO","logger":"com.eazybytes.jobportal.aspects.LoggingAndPerformanceAspect","message":"Arguments: [aman@gmail.com]"}{"timestamp":"2026-05-27 18:51:40","level":"INFO","logger":"com.eazybytes.jobportal.aspects.LoggingAndPerformanceAspect","message":"Method executed successfully: JobPortalUserRepository.findJobPortalUserByEmail(..)"}{"timestamp":"2026-05-27 18:51:40","level":"INFO","logger":"com.eazybytes.jobportal.aspects.LoggingAndPerformanceAspect","message":"Execution time: 11 ms"}{"timestamp":"2026-05-27 18:51:40","level":"INFO","logger":"com.eazybytes.jobportal.aspects.LoggingAndPerformanceAspect","message":"Method executed successfully: JobPortalUsernamePwdAuthenticationProvider.authenticate(..)"}{"timestamp":"2026-05-27 18:51:40","level":"INFO","logger":"com.eazybytes.jobportal.aspects.LoggingAndPerformanceAspect","message":"Execution time: 86 ms"}{"timestamp":"2026-05-27 18:51:40","level":"INFO","logger":"com.eazybytes.jobportal.aspects.LoggingAndPerformanceAspect","message":"Entering method: JwtUtil.generateJwtToken(..)"}{"timestamp":"2026-05-27 18:51:40","level":"INFO","logger":"com.eazybytes.jobportal.aspects.LoggingAndPerformanceAspect","message":"Arguments: [UsernamePasswordAuthenticationToken [Principal=com.eazybytes.jobportal.entity.JobPortalUser@1e5e9f2, Credentials=[PROTECTED], Authenticated=true, Details=null, Granted Authorities=[ROLE_JOB_SEEKER]]]"}{"timestamp":"2026-05-27 18:51:40","level":"INFO","logger":"com.eazybytes.jobportal.aspects.LoggingAndPerformanceAspect","message":"Method executed successfully: JwtUtil.generateJwtToken(..)"}{"timestamp":"2026-05-27 18:51:40","level":"INFO","logger":"com.eazybytes.jobportal.aspects.LoggingAndPerformanceAspect","message":"Execution time: 1 ms"}{"timestamp":"2026-05-27 18:51:40","level":"INFO","logger":"com.eazybytes.jobportal.aspects.LoginSuccessAuditAspect","message":"LOGIN SUCCESS | User: aman@gmail.com | Role: ROLE_JOB_SEEKER"}{"timestamp":"2026-05-27 18:51:40","level":"INFO","logger":"com.eazybytes.jobportal.aspects.LoggingAndPerformanceAspect","message":"Method executed successfully: AuthController.apiLogin(..)"}{"timestamp":"2026-05-27 18:51:40","level":"INFO","logger":"com.eazybytes.jobportal.aspects.LoggingAndPerformanceAspect","message":"Execution time: 88 ms"}{"timestamp":"2026-05-27 18:51:40","level":"INFO","logger":"com.eazybytes.jobportal.aspects.LoggingAndPerformanceAspect","message":"Entering method: AuthController.apiLogin(..)"}{"timestamp":"2026-05-27 18:51:40","level":"INFO","logger":"com.eazybytes.jobportal.aspects.LoggingAndPerformanceAspect","message":"Arguments: [LoginRequestDto[username=aman@gmail.com, password=AmanBhagat@1234]]"}{"timestamp":"2026-05-27 18:51:40","level":"INFO","logger":"com.eazybytes.jobportal.aspects.LoggingAndPerformanceAspect","message":"Entering method: JobPortalUsernamePwdAuthenticationProvider.supports(..)"}{"timestamp":"2026-05-27 18:51:40","level":"INFO","logger":"com.eazybytes.jobportal.aspects.LoggingAndPerformanceAspect","message":"Arguments: [class org.springframework.security.authentication.UsernamePasswordAuthenticationToken]"}{"timestamp":"2026-05-27 18:51:40","level":"INFO","logger":"com.eazybytes.jobportal.aspects.LoggingAndPerformanceAspect","message":"Method executed successfully: JobPortalUsernamePwdAuthenticationProvider.supports(..)"}{"timestamp":"2026-05-27 18:51:40","level":"INFO","logger":"com.eazybytes.jobportal.aspects.LoggingAndPerformanceAspect","message":"Execution time: 0 ms"}{"timestamp":"2026-05-27 18:51:40","level":"INFO","logger":"com.eazybytes.jobportal.aspects.LoggingAndPerformanceAspect","message":"Entering method: JobPortalUsernamePwdAuthenticationProvider.authenticate(..)"}{"timestamp":"2026-05-27 18:51:40","level":"INFO","logger":"com.eazybytes.jobportal.aspects.LoggingAndPerformanceAspect","message":"Arguments: [UsernamePasswordAuthenticationToken [Principal=aman@gmail.com, Credentials=[PROTECTED], Authenticated=false, Details=null, Granted Authorities=[]]]"}{"timestamp":"2026-05-27 18:51:40","level":"INFO","logger":"com.eazybytes.jobportal.aspects.LoggingAndPerformanceAspect","message":"Entering method: JobPortalUserRepository.findJobPortalUserByEmail(..)"}{"timestamp":"2026-05-27 18:51:40","level":"INFO","logger":"com.eazybytes.jobportal.aspects.LoggingAndPerformanceAspect","message":"Arguments: [aman@gmail.com]"}{"timestamp":"2026-05-27 18:51:40","level":"INFO","logger":"com.eazybytes.jobportal.aspects.LoggingAndPerformanceAspect","message":"Method executed successfully: JobPortalUserRepository.findJobPortalUserByEmail(..)"}{"timestamp":"2026-05-27 18:51:40","level":"INFO","logger":"com.eazybytes.jobportal.aspects.LoggingAndPerformanceAspect","message":"Execution time: 10 ms"}{"timestamp":"2026-05-27 18:51:40","level":"INFO","logger":"com.eazybytes.jobportal.aspects.LoggingAndPerformanceAspect","message":"Method executed successfully: JobPortalUsernamePwdAuthenticationProvider.authenticate(..)"}{"timestamp":"2026-05-27 18:51:40","level":"INFO","logger":"com.eazybytes.jobportal.aspects.LoggingAndPerformanceAspect","message":"Execution time: 84 ms"}{"timestamp":"2026-05-27 18:51:40","level":"INFO","logger":"com.eazybytes.jobportal.aspects.LoggingAndPerformanceAspect","message":"Entering method: JwtUtil.generateJwtToken(..)"}{"timestamp":"2026-05-27 18:51:40","level":"INFO","logger":"com.eazybytes.jobportal.aspects.LoggingAndPerformanceAspect","message":"Arguments: [UsernamePasswordAuthenticationToken [Principal=com.eazybytes.jobportal.entity.JobPortalUser@41bcc758, Credentials=[PROTECTED], Authenticated=true, Details=null, Granted Authorities=[ROLE_JOB_SEEKER]]]"}{"timestamp":"2026-05-27 18:51:40","level":"INFO","logger":"com.eazybytes.jobportal.aspects.LoggingAndPerformanceAspect","message":"Method executed successfully: JwtUtil.generateJwtToken(..)"}{"timestamp":"2026-05-27 18:51:40","level":"INFO","logger":"com.eazybytes.jobportal.aspects.LoggingAndPerformanceAspect","message":"Execution time: 0 ms"}{"timestamp":"2026-05-27 18:51:40","level":"INFO","logger":"com.eazybytes.jobportal.aspects.LoginSuccessAuditAspect","message":"LOGIN SUCCESS | User: aman@gmail.com | Role: ROLE_JOB_SEEKER"}{"timestamp":"2026-05-27 18:51:40","level":"INFO","logger":"com.eazybytes.jobportal.aspects.LoggingAndPerformanceAspect","message":"Method executed successfully: AuthController.apiLogin(..)"}{"timestamp":"2026-05-27 18:51:40","level":"INFO","logger":"com.eazybytes.jobportal.aspects.LoggingAndPerformanceAspect","message":"Execution time: 86 ms"}{"timestamp":"2026-05-27 18:51:41","level":"INFO","logger":"com.eazybytes.jobportal.aspects.LoggingAndPerformanceAspect","message":"Entering method: AuthController.apiLogin(..)"}{"timestamp":"2026-05-27 18:51:41","level":"INFO","logger":"com.eazybytes.jobportal.aspects.LoggingAndPerformanceAspect","message":"Arguments: [LoginRequestDto[username=aman@gmail.com, password=AmanBhagat@1234]]"}{"timestamp":"2026-05-27 18:51:41","level":"INFO","logger":"com.eazybytes.jobportal.aspects.LoggingAndPerformanceAspect","message":"Entering method: JobPortalUsernamePwdAuthenticationProvider.supports(..)"}{"timestamp":"2026-05-27 18:51:41","level":"INFO","logger":"com.eazybytes.jobportal.aspects.LoggingAndPerformanceAspect","message":"Arguments: [class org.springframework.security.authentication.UsernamePasswordAuthenticationToken]"}{"timestamp":"2026-05-27 18:51:41","level":"INFO","logger":"com.eazybytes.jobportal.aspects.LoggingAndPerformanceAspect","message":"Method executed successfully: JobPortalUsernamePwdAuthenticationProvider.supports(..)"}{"timestamp":"2026-05-27 18:51:41","level":"INFO","logger":"com.eazybytes.jobportal.aspects.LoggingAndPerformanceAspect","message":"Execution time: 0 ms"}{"timestamp":"2026-05-27 18:51:41","level":"INFO","logger":"com.eazybytes.jobportal.aspects.LoggingAndPerformanceAspect","message":"Entering method: JobPortalUsernamePwdAuthenticationProvider.authenticate(..)"}{"timestamp":"2026-05-27 18:51:41","level":"INFO","logger":"com.eazybytes.jobportal.aspects.LoggingAndPerformanceAspect","message":"Arguments: [UsernamePasswordAuthenticationToken [Principal=aman@gmail.com, Credentials=[PROTECTED], Authenticated=false, Details=null, Granted Authorities=[]]]"}{"timestamp":"2026-05-27 18:51:41","level":"INFO","logger":"com.eazybytes.jobportal.aspects.LoggingAndPerformanceAspect","message":"Entering method: JobPortalUserRepository.findJobPortalUserByEmail(..)"}{"timestamp":"2026-05-27 18:51:41","level":"INFO","logger":"com.eazybytes.jobportal.aspects.LoggingAndPerformanceAspect","message":"Arguments: [aman@gmail.com]"}{"timestamp":"2026-05-27 18:51:41","level":"INFO","logger":"com.eazybytes.jobportal.aspects.LoggingAndPerformanceAspect","message":"Method executed successfully: JobPortalUserRepository.findJobPortalUserByEmail(..)"}{"timestamp":"2026-05-27 18:51:41","level":"INFO","logger":"com.eazybytes.jobportal.aspects.LoggingAndPerformanceAspect","message":"Execution time: 4 ms"}{"timestamp":"2026-05-27 18:51:41","level":"INFO","logger":"com.eazybytes.jobportal.aspects.LoggingAndPerformanceAspect","message":"Method executed successfully: JobPortalUsernamePwdAuthenticationProvider.authenticate(..)"}{"timestamp":"2026-05-27 18:51:41","level":"INFO","logger":"com.eazybytes.jobportal.aspects.LoggingAndPerformanceAspect","message":"Execution time: 69 ms"}{"timestamp":"2026-05-27 18:51:41","level":"INFO","logger":"com.eazybytes.jobportal.aspects.LoggingAndPerformanceAspect","message":"Entering method: JwtUtil.generateJwtToken(..)"}{"timestamp":"2026-05-27 18:51:41","level":"INFO","logger":"com.eazybytes.jobportal.aspects.LoggingAndPerformanceAspect","message":"Arguments: [UsernamePasswordAuthenticationToken [Principal=com.eazybytes.jobportal.entity.JobPortalUser@669dcfb7, Credentials=[PROTECTED], Authenticated=true, Details=null, Granted Authorities=[ROLE_JOB_SEEKER]]]"}{"timestamp":"2026-05-27 18:51:41","level":"INFO","logger":"com.eazybytes.jobportal.aspects.LoggingAndPerformanceAspect","message":"Method executed successfully: JwtUtil.generateJwtToken(..)"}{"timestamp":"2026-05-27 18:51:41","level":"INFO","logger":"com.eazybytes.jobportal.aspects.LoggingAndPerformanceAspect","message":"Execution time: 1 ms"}{"timestamp":"2026-05-27 18:51:41","level":"INFO","logger":"com.eazybytes.jobportal.aspects.LoginSuccessAuditAspect","message":"LOGIN SUCCESS | User: aman@gmail.com | Role: ROLE_JOB_SEEKER"}{"timestamp":"2026-05-27 18:51:41","level":"INFO","logger":"com.eazybytes.jobportal.aspects.LoggingAndPerformanceAspect","message":"Method executed successfully: AuthController.apiLogin(..)"}{"timestamp":"2026-05-27 18:51:41","level":"INFO","logger":"com.eazybytes.jobportal.aspects.LoggingAndPerformanceAspect","message":"Execution time: 72 ms"}{"timestamp":"2026-05-27 18:51:41","level":"INFO","logger":"com.eazybytes.jobportal.aspects.LoggingAndPerformanceAspect","message":"Entering method: AuthController.apiLogin(..)"}{"timestamp":"2026-05-27 18:51:41","level":"INFO","logger":"com.eazybytes.jobportal.aspects.LoggingAndPerformanceAspect","message":"Arguments: [LoginRequestDto[username=aman@gmail.com, password=AmanBhagat@1234]]"}{"timestamp":"2026-05-27 18:51:41","level":"INFO","logger":"com.eazybytes.jobportal.aspects.LoggingAndPerformanceAspect","message":"Entering method: JobPortalUsernamePwdAuthenticationProvider.supports(..)"}{"timestamp":"2026-05-27 18:51:41","level":"INFO","logger":"com.eazybytes.jobportal.aspects.LoggingAndPerformanceAspect","message":"Arguments: [class org.springframework.security.authentication.UsernamePasswordAuthenticationToken]"}{"timestamp":"2026-05-27 18:51:41","level":"INFO","logger":"com.eazybytes.jobportal.aspects.LoggingAndPerformanceAspect","message":"Method executed successfully: JobPortalUsernamePwdAuthenticationProvider.supports(..)"}{"timestamp":"2026-05-27 18:51:41","level":"INFO","logger":"com.eazybytes.jobportal.aspects.LoggingAndPerformanceAspect","message":"Execution time: 0 ms"}{"timestamp":"2026-05-27 18:51:41","level":"INFO","logger":"com.eazybytes.jobportal.aspects.LoggingAndPerformanceAspect","message":"Entering method: JobPortalUsernamePwdAuthenticationProvider.authenticate(..)"}{"timestamp":"2026-05-27 18:51:41","level":"INFO","logger":"com.eazybytes.jobportal.aspects.LoggingAndPerformanceAspect","message":"Arguments: [UsernamePasswordAuthenticationToken [Principal=aman@gmail.com, Credentials=[PROTECTED], Authenticated=false, Details=null, Granted Authorities=[]]]"}{"timestamp":"2026-05-27 18:51:41","level":"INFO","logger":"com.eazybytes.jobportal.aspects.LoggingAndPerformanceAspect","message":"Entering method: JobPortalUserRepository.findJobPortalUserByEmail(..)"}{"timestamp":"2026-05-27 18:51:41","level":"INFO","logger":"com.eazybytes.jobportal.aspects.LoggingAndPerformanceAspect","message":"Arguments: [aman@gmail.com]"}{"timestamp":"2026-05-27 18:51:41","level":"INFO","logger":"com.eazybytes.jobportal.aspects.LoggingAndPerformanceAspect","message":"Method executed successfully: JobPortalUserRepository.findJobPortalUserByEmail(..)"}{"timestamp":"2026-05-27 18:51:41","level":"INFO","logger":"com.eazybytes.jobportal.aspects.LoggingAndPerformanceAspect","message":"Execution time: 7 ms"}{"timestamp":"2026-05-27 18:51:41","level":"INFO","logger":"com.eazybytes.jobportal.aspects.LoggingAndPerformanceAspect","message":"Method executed successfully: JobPortalUsernamePwdAuthenticationProvider.authenticate(..)"}{"timestamp":"2026-05-27 18:51:41","level":"INFO","logger":"com.eazybytes.jobportal.aspects.LoggingAndPerformanceAspect","message":"Execution time: 82 ms"}{"timestamp":"2026-05-27 18:51:41","level":"INFO","logger":"com.eazybytes.jobportal.aspects.LoggingAndPerformanceAspect","message":"Entering method: JwtUtil.generateJwtToken(..)"}{"timestamp":"2026-05-27 18:51:41","level":"INFO","logger":"com.eazybytes.jobportal.aspects.LoggingAndPerformanceAspect","message":"Arguments: [UsernamePasswordAuthenticationToken [Principal=com.eazybytes.jobportal.entity.JobPortalUser@17892b4c, Credentials=[PROTECTED], Authenticated=true, Details=null, Granted Authorities=[ROLE_JOB_SEEKER]]]"}{"timestamp":"2026-05-27 18:51:41","level":"INFO","logger":"com.eazybytes.jobportal.aspects.LoggingAndPerformanceAspect","message":"Method executed successfully: JwtUtil.generateJwtToken(..)"}{"timestamp":"2026-05-27 18:51:41","level":"INFO","logger":"com.eazybytes.jobportal.aspects.LoggingAndPerformanceAspect","message":"Execution time: 1 ms"}{"timestamp":"2026-05-27 18:51:41","level":"INFO","logger":"com.eazybytes.jobportal.aspects.LoginSuccessAuditAspect","message":"LOGIN SUCCESS | User: aman@gmail.com | Role: ROLE_JOB_SEEKER"}{"timestamp":"2026-05-27 18:51:41","level":"INFO","logger":"com.eazybytes.jobportal.aspects.LoggingAndPerformanceAspect","message":"Method executed successfully: AuthController.apiLogin(..)"}{"timestamp":"2026-05-27 18:51:41","level":"INFO","logger":"com.eazybytes.jobportal.aspects.LoggingAndPerformanceAspect","message":"Execution time: 84 ms"}{"timestamp":"2026-05-27 18:51:42","level":"INFO","logger":"com.eazybytes.jobportal.aspects.LoggingAndPerformanceAspect","message":"Entering method: AuthController.apiLogin(..)"}{"timestamp":"2026-05-27 18:51:42","level":"INFO","logger":"com.eazybytes.jobportal.aspects.LoggingAndPerformanceAspect","message":"Arguments: [LoginRequestDto[username=aman@gmail.com, password=AmanBhagat@1234]]"}{"timestamp":"2026-05-27 18:51:42","level":"INFO","logger":"com.eazybytes.jobportal.aspects.LoggingAndPerformanceAspect","message":"Entering method: JobPortalUsernamePwdAuthenticationProvider.supports(..)"}{"timestamp":"2026-05-27 18:51:42","level":"INFO","logger":"com.eazybytes.jobportal.aspects.LoggingAndPerformanceAspect","message":"Arguments: [class org.springframework.security.authentication.UsernamePasswordAuthenticationToken]"}{"timestamp":"2026-05-27 18:51:42","level":"INFO","logger":"com.eazybytes.jobportal.aspects.LoggingAndPerformanceAspect","message":"Method executed successfully: JobPortalUsernamePwdAuthenticationProvider.supports(..)"}{"timestamp":"2026-05-27 18:51:42","level":"INFO","logger":"com.eazybytes.jobportal.aspects.LoggingAndPerformanceAspect","message":"Execution time: 0 ms"}{"timestamp":"2026-05-27 18:51:42","level":"INFO","logger":"com.eazybytes.jobportal.aspects.LoggingAndPerformanceAspect","message":"Entering method: JobPortalUsernamePwdAuthenticationProvider.authenticate(..)"}{"timestamp":"2026-05-27 18:51:42","level":"INFO","logger":"com.eazybytes.jobportal.aspects.LoggingAndPerformanceAspect","message":"Arguments: [UsernamePasswordAuthenticationToken [Principal=aman@gmail.com, Credentials=[PROTECTED], Authenticated=false, Details=null, Granted Authorities=[]]]"}{"timestamp":"2026-05-27 18:51:42","level":"INFO","logger":"com.eazybytes.jobportal.aspects.LoggingAndPerformanceAspect","message":"Entering method: JobPortalUserRepository.findJobPortalUserByEmail(..)"}{"timestamp":"2026-05-27 18:51:42","level":"INFO","logger":"com.eazybytes.jobportal.aspects.LoggingAndPerformanceAspect","message":"Arguments: [aman@gmail.com]"}{"timestamp":"2026-05-27 18:51:42","level":"INFO","logger":"com.eazybytes.jobportal.aspects.LoggingAndPerformanceAspect","message":"Method executed successfully: JobPortalUserRepository.findJobPortalUserByEmail(..)"}{"timestamp":"2026-05-27 18:51:42","level":"INFO","logger":"com.eazybytes.jobportal.aspects.LoggingAndPerformanceAspect","message":"Execution time: 6 ms"}{"timestamp":"2026-05-27 18:51:42","level":"INFO","logger":"com.eazybytes.jobportal.aspects.LoggingAndPerformanceAspect","message":"Method executed successfully: JobPortalUsernamePwdAuthenticationProvider.authenticate(..)"}{"timestamp":"2026-05-27 18:51:42","level":"INFO","logger":"com.eazybytes.jobportal.aspects.LoggingAndPerformanceAspect","message":"Execution time: 79 ms"}{"timestamp":"2026-05-27 18:51:42","level":"INFO","logger":"com.eazybytes.jobportal.aspects.LoggingAndPerformanceAspect","message":"Entering method: JwtUtil.generateJwtToken(..)"}{"timestamp":"2026-05-27 18:51:42","level":"INFO","logger":"com.eazybytes.jobportal.aspects.LoggingAndPerformanceAspect","message":"Arguments: [UsernamePasswordAuthenticationToken [Principal=com.eazybytes.jobportal.entity.JobPortalUser@544704f0, Credentials=[PROTECTED], Authenticated=true, Details=null, Granted Authorities=[ROLE_JOB_SEEKER]]]"}{"timestamp":"2026-05-27 18:51:42","level":"INFO","logger":"com.eazybytes.jobportal.aspects.LoggingAndPerformanceAspect","message":"Method executed successfully: JwtUtil.generateJwtToken(..)"}{"timestamp":"2026-05-27 18:51:42","level":"INFO","logger":"com.eazybytes.jobportal.aspects.LoggingAndPerformanceAspect","message":"Execution time: 0 ms"}{"timestamp":"2026-05-27 18:51:42","level":"INFO","logger":"com.eazybytes.jobportal.aspects.LoginSuccessAuditAspect","message":"LOGIN SUCCESS | User: aman@gmail.com | Role: ROLE_JOB_SEEKER"}{"timestamp":"2026-05-27 18:51:42","level":"INFO","logger":"com.eazybytes.jobportal.aspects.LoggingAndPerformanceAspect","message":"Method executed successfully: AuthController.apiLogin(..)"}{"timestamp":"2026-05-27 18:51:42","level":"INFO","logger":"com.eazybytes.jobportal.aspects.LoggingAndPerformanceAspect","message":"Execution time: 81 ms"}{"timestamp":"2026-05-27 18:51:43","level":"INFO","logger":"com.eazybytes.jobportal.aspects.LoggingAndPerformanceAspect","message":"Entering method: AuthController.apiLogin(..)"}{"timestamp":"2026-05-27 18:51:43","level":"INFO","logger":"com.eazybytes.jobportal.aspects.LoggingAndPerformanceAspect","message":"Arguments: [LoginRequestDto[username=aman@gmail.com, password=AmanBhagat@1234]]"}{"timestamp":"2026-05-27 18:51:43","level":"INFO","logger":"com.eazybytes.jobportal.aspects.LoggingAndPerformanceAspect","message":"Entering method: JobPortalUsernamePwdAuthenticationProvider.supports(..)"}{"timestamp":"2026-05-27 18:51:43","level":"INFO","logger":"com.eazybytes.jobportal.aspects.LoggingAndPerformanceAspect","message":"Arguments: [class org.springframework.security.authentication.UsernamePasswordAuthenticationToken]"}{"timestamp":"2026-05-27 18:51:43","level":"INFO","logger":"com.eazybytes.jobportal.aspects.LoggingAndPerformanceAspect","message":"Method executed successfully: JobPortalUsernamePwdAuthenticationProvider.supports(..)"}{"timestamp":"2026-05-27 18:51:43","level":"INFO","logger":"com.eazybytes.jobportal.aspects.LoggingAndPerformanceAspect","message":"Execution time: 0 ms"}{"timestamp":"2026-05-27 18:51:43","level":"INFO","logger":"com.eazybytes.jobportal.aspects.LoggingAndPerformanceAspect","message":"Entering method: JobPortalUsernamePwdAuthenticationProvider.authenticate(..)"}{"timestamp":"2026-05-27 18:51:43","level":"INFO","logger":"com.eazybytes.jobportal.aspects.LoggingAndPerformanceAspect","message":"Arguments: [UsernamePasswordAuthenticationToken [Principal=aman@gmail.com, Credentials=[PROTECTED], Authenticated=false, Details=null, Granted Authorities=[]]]"}{"timestamp":"2026-05-27 18:51:43","level":"INFO","logger":"com.eazybytes.jobportal.aspects.LoggingAndPerformanceAspect","message":"Entering method: JobPortalUserRepository.findJobPortalUserByEmail(..)"}{"timestamp":"2026-05-27 18:51:43","level":"INFO","logger":"com.eazybytes.jobportal.aspects.LoggingAndPerformanceAspect","message":"Arguments: [aman@gmail.com]"}{"timestamp":"2026-05-27 18:51:43","level":"INFO","logger":"com.eazybytes.jobportal.aspects.LoggingAndPerformanceAspect","message":"Method executed successfully: JobPortalUserRepository.findJobPortalUserByEmail(..)"}{"timestamp":"2026-05-27 18:51:43","level":"INFO","logger":"com.eazybytes.jobportal.aspects.LoggingAndPerformanceAspect","message":"Execution time: 9 ms"}{"timestamp":"2026-05-27 18:51:43","level":"INFO","logger":"com.eazybytes.jobportal.aspects.LoggingAndPerformanceAspect","message":"Method executed successfully: JobPortalUsernamePwdAuthenticationProvider.authenticate(..)"}{"timestamp":"2026-05-27 18:51:43","level":"INFO","logger":"com.eazybytes.jobportal.aspects.LoggingAndPerformanceAspect","message":"Execution time: 83 ms"}{"timestamp":"2026-05-27 18:51:43","level":"INFO","logger":"com.eazybytes.jobportal.aspects.LoggingAndPerformanceAspect","message":"Entering method: JwtUtil.generateJwtToken(..)"}{"timestamp":"2026-05-27 18:51:43","level":"INFO","logger":"com.eazybytes.jobportal.aspects.LoggingAndPerformanceAspect","message":"Arguments: [UsernamePasswordAuthenticationToken [Principal=com.eazybytes.jobportal.entity.JobPortalUser@784b7e79, Credentials=[PROTECTED], Authenticated=true, Details=null, Granted Authorities=[ROLE_JOB_SEEKER]]]"}{"timestamp":"2026-05-27 18:51:43","level":"INFO","logger":"com.eazybytes.jobportal.aspects.LoggingAndPerformanceAspect","message":"Method executed successfully: JwtUtil.generateJwtToken(..)"}{"timestamp":"2026-05-27 18:51:43","level":"INFO","logger":"com.eazybytes.jobportal.aspects.LoggingAndPerformanceAspect","message":"Execution time: 1 ms"}{"timestamp":"2026-05-27 18:51:43","level":"INFO","logger":"com.eazybytes.jobportal.aspects.LoginSuccessAuditAspect","message":"LOGIN SUCCESS | User: aman@gmail.com | Role: ROLE_JOB_SEEKER"}{"timestamp":"2026-05-27 18:51:43","level":"INFO","logger":"com.eazybytes.jobportal.aspects.LoggingAndPerformanceAspect","message":"Method executed successfully: AuthController.apiLogin(..)"}{"timestamp":"2026-05-27 18:51:43","level":"INFO","logger":"com.eazybytes.jobportal.aspects.LoggingAndPerformanceAspect","message":"Execution time: 85 ms"}{"timestamp":"2026-05-27 18:51:53","level":"INFO","logger":"com.eazybytes.jobportal.aspects.LoggingAndPerformanceAspect","message":"Entering method: JobPortalUsernamePwdAuthenticationProvider.supports(..)"}{"timestamp":"2026-05-27 18:51:53","level":"INFO","logger":"com.eazybytes.jobportal.aspects.LoggingAndPerformanceAspect","message":"Arguments: [class org.springframework.security.authentication.UsernamePasswordAuthenticationToken]"}{"timestamp":"2026-05-27 18:51:53","level":"INFO","logger":"com.eazybytes.jobportal.aspects.LoggingAndPerformanceAspect","message":"Method executed successfully: JobPortalUsernamePwdAuthenticationProvider.supports(..)"}{"timestamp":"2026-05-27 18:51:53","level":"INFO","logger":"com.eazybytes.jobportal.aspects.LoggingAndPerformanceAspect","message":"Execution time: 3 ms"}{"timestamp":"2026-05-27 18:51:53","level":"INFO","logger":"com.eazybytes.jobportal.aspects.LoggingAndPerformanceAspect","message":"Entering method: JobPortalUsernamePwdAuthenticationProvider.authenticate(..)"}{"timestamp":"2026-05-27 18:51:53","level":"INFO","logger":"com.eazybytes.jobportal.aspects.LoggingAndPerformanceAspect","message":"Arguments: [UsernamePasswordAuthenticationToken [Principal=suman, Credentials=[PROTECTED], Authenticated=false, Details=WebAuthenticationDetails [RemoteIpAddress=0:0:0:0:0:0:0:1, SessionId=5CE3B90AB6210C10DCCD464336CC1112], Granted Authorities=[]]]"}{"timestamp":"2026-05-27 18:51:53","level":"INFO","logger":"com.eazybytes.jobportal.aspects.LoggingAndPerformanceAspect","message":"Entering method: JobPortalUserRepository.findJobPortalUserByEmail(..)"}{"timestamp":"2026-05-27 18:51:53","level":"INFO","logger":"com.eazybytes.jobportal.aspects.LoggingAndPerformanceAspect","message":"Arguments: [suman]"}{"timestamp":"2026-05-27 18:51:53","level":"INFO","logger":"com.eazybytes.jobportal.aspects.LoggingAndPerformanceAspect","message":"Method executed successfully: JobPortalUserRepository.findJobPortalUserByEmail(..)"}{"timestamp":"2026-05-27 18:51:53","level":"INFO","logger":"com.eazybytes.jobportal.aspects.LoggingAndPerformanceAspect","message":"Execution time: 96 ms"}{"timestamp":"2026-05-27 18:51:53","level":"ERROR","logger":"com.eazybytes.jobportal.aspects.ExceptionAuditAspect","message":"Exception occurred in method: JobPortalUsernamePwdAuthenticationProvider.authenticate(..)"}{"timestamp":"2026-05-27 18:51:53","level":"ERROR","logger":"com.eazybytes.jobportal.aspects.ExceptionAuditAspect","message":"Arguments: [UsernamePasswordAuthenticationToken [Principal=suman, Credentials=[PROTECTED], Authenticated=false, Details=WebAuthenticationDetails [RemoteIpAddress=0:0:0:0:0:0:0:1, SessionId=5CE3B90AB6210C10DCCD464336CC1112], Granted Authorities=[]]]"}{"timestamp":"2026-05-27 18:51:53","level":"ERROR","logger":"com.eazybytes.jobportal.aspects.ExceptionAuditAspect","message":"Exception type: UsernameNotFoundException"}{"timestamp":"2026-05-27 18:51:53","level":"ERROR","logger":"com.eazybytes.jobportal.aspects.ExceptionAuditAspect","message":"Exception message: User details not found for the user: suman"}{"timestamp":"2026-05-27 18:52:11","level":"INFO","logger":"com.eazybytes.jobportal.aspects.LoggingAndPerformanceAspect","message":"Entering method: CompanyController.getAllCompanies()"}{"timestamp":"2026-05-27 18:52:11","level":"INFO","logger":"com.eazybytes.jobportal.aspects.LoggingAndPerformanceAspect","message":"Arguments: []"}{"timestamp":"2026-05-27 18:52:11","level":"INFO","logger":"com.eazybytes.jobportal.aspects.LoggingAndPerformanceAspect","message":"Entering method: CompanyServiceImpl.getAllCompanies()"}{"timestamp":"2026-05-27 18:52:11","level":"INFO","logger":"com.eazybytes.jobportal.aspects.LoggingAndPerformanceAspect","message":"Arguments: []"}{"timestamp":"2026-05-27 18:52:11","level":"INFO","logger":"com.eazybytes.jobportal.aspects.LoggingAndPerformanceAspect","message":"Entering method: ListCrudRepository.findAll()"}{"timestamp":"2026-05-27 18:52:11","level":"INFO","logger":"com.eazybytes.jobportal.aspects.LoggingAndPerformanceAspect","message":"Arguments: []"}{"timestamp":"2026-05-27 18:52:11","level":"INFO","logger":"com.eazybytes.jobportal.aspects.LoggingAndPerformanceAspect","message":"Method executed successfully: ListCrudRepository.findAll()"}{"timestamp":"2026-05-27 18:52:11","level":"INFO","logger":"com.eazybytes.jobportal.aspects.LoggingAndPerformanceAspect","message":"Execution time: 132 ms"}{"timestamp":"2026-05-27 18:52:11","level":"INFO","logger":"com.eazybytes.jobportal.aspects.LoggingAndPerformanceAspect","message":"Method executed successfully: CompanyServiceImpl.getAllCompanies()"}{"timestamp":"2026-05-27 18:52:11","level":"INFO","logger":"com.eazybytes.jobportal.aspects.LoggingAndPerformanceAspect","message":"Execution time: 282 ms"}{"timestamp":"2026-05-27 18:52:11","level":"INFO","logger":"com.eazybytes.jobportal.aspects.LoggingAndPerformanceAspect","message":"Method executed successfully: CompanyController.getAllCompanies()"}{"timestamp":"2026-05-27 18:52:11","level":"INFO","logger":"com.eazybytes.jobportal.aspects.LoggingAndPerformanceAspect","message":"Execution time: 283 ms"}{"timestamp":"2026-05-27 18:52:41","level":"INFO","logger":"org.springframework.boot.tomcat.GracefulShutdown","message":"Commencing graceful shutdown. Waiting for active requests to complete"}{"timestamp":"2026-05-27 18:52:41","level":"INFO","logger":"org.springframework.boot.tomcat.GracefulShutdown","message":"Graceful shutdown complete"}{"timestamp":"2026-05-27 18:52:41","level":"INFO","logger":"org.springframework.orm.jpa.LocalContainerEntityManagerFactoryBean","message":"Closing JPA EntityManagerFactory for persistence unit 'default'"}{"timestamp":"2026-05-27 18:52:41","level":"INFO","logger":"com.zaxxer.hikari.HikariDataSource","message":"HikariPool-1 - Shutdown initiated..."}{"timestamp":"2026-05-27 18:52:41","level":"INFO","logger":"com.zaxxer.hikari.HikariDataSource","message":"HikariPool-1 - Shutdown completed."}